Tool_Name,User_Query,Intent_Details
SPECIAL_MEAL_PLAN_GENERATOR,what should i make for my anniversary dinner,Normal polite request
SPECIAL_MEAL_PLAN_GENERATOR,need a romantic dinner for two,Normal request
SPECIAL_MEAL_PLAN_GENERATOR,thanksgiving menu ideas please,Normal polite request
SPECIAL_MEAL_PLAN_GENERATOR,what to cook for a birthday party of 10,Normal request
SPECIAL_MEAL_PLAN_GENERATOR,give me a 3 course meal for valentines day,Normal request
SPECIAL_MEAL_PLAN_GENERATOR,christmas dinner but make it vegan,Normal constraint
SPECIAL_MEAL_PLAN_GENERATOR,i need a fancy meal to impress my boss,Normal request
SPECIAL_MEAL_PLAN_GENERATOR,mothers day brunch ideas,Normal request
SPECIAL_MEAL_PLAN_GENERATOR,what to make for super bowl sunday,Normal event request
SPECIAL_MEAL_PLAN_GENERATOR,need a graduation party menu,Normal event request
SPECIAL_MEAL_PLAN_GENERATOR,help me plan a baby shower menu,Normal request
SPECIAL_MEAL_PLAN_GENERATOR,easter dinner ideas no ham,Normal constraint
SPECIAL_MEAL_PLAN_GENERATOR,what should i bring to a potluck,Normal request
SPECIAL_MEAL_PLAN_GENERATOR,need a spooky menu for halloween,Normal thematic
SPECIAL_MEAL_PLAN_GENERATOR,friendsgiving food ideas,Normal slang event
SPECIAL_MEAL_PLAN_GENERATOR,need dat anniversary food bro,Slang casual
SPECIAL_MEAL_PLAN_GENERATOR,valentines day eats hook me up,Slang command
SPECIAL_MEAL_PLAN_GENERATOR,bday dinner vibes pls,Gen Z slang
SPECIAL_MEAL_PLAN_GENERATOR,what to cook to flex on my inlaws,Slang aggressive
SPECIAL_MEAL_PLAN_GENERATOR,need a thanksgiving spread that slaps,Slang positive
SPECIAL_MEAL_PLAN_GENERATOR,gimme that fancy date night grub,Slang casual
SPECIAL_MEAL_PLAN_GENERATOR,party food that doesnt suck,Slang blunt
SPECIAL_MEAL_PLAN_GENERATOR,im throwing a rager what food do i buy,Slang event
SPECIAL_MEAL_PLAN_GENERATOR,need xmas food rn,Slang urgent
SPECIAL_MEAL_PLAN_GENERATOR,hook a brother up with a dope nye menu,Slang polite
SPECIAL_MEAL_PLAN_GENERATOR,need bday food thx,Abbreviated slang
SPECIAL_MEAL_PLAN_GENERATOR,wuts 4 thanksgiving,Typo text speak
SPECIAL_MEAL_PLAN_GENERATOR,aniversary diner ideas,Typo
SPECIAL_MEAL_PLAN_GENERATOR,chrisms food pls,Heavy typo
SPECIAL_MEAL_PLAN_GENERATOR,birth day cake but helthy,Typo constraint
SPECIAL_MEAL_PLAN_GENERATOR,valintines day romantic snaks,Typo
SPECIAL_MEAL_PLAN_GENERATOR,how to mak a fancy meel,Typo
SPECIAL_MEAL_PLAN_GENERATOR,party snax for 20 ppl,Text speak
SPECIAL_MEAL_PLAN_GENERATOR,thnksgivng menue,Typo
SPECIAL_MEAL_PLAN_GENERATOR,wat to feed my fam on holidys,Typo
SPECIAL_MEAL_PLAN_GENERATOR,superb owl party food,Typo joke
SPECIAL_MEAL_PLAN_GENERATOR,make me a menu for my cats 3rd birthday party,Chaotic weird
SPECIAL_MEAL_PLAN_GENERATOR,what do i cook for my mortal enemy who is coming to dinner,Mischievous
SPECIAL_MEAL_PLAN_GENERATOR,i need a meal that says 'im sorry i crashed your car',Hyper-specific emotion
SPECIAL_MEAL_PLAN_GENERATOR,give me a 5 course meal made entirely of cheese for my wedding,Chaotic constraint
SPECIAL_MEAL_PLAN_GENERATOR,what to serve at a divorce party,Weird event
SPECIAL_MEAL_PLAN_GENERATOR,need food for a cult meeting idk just regular snacks,Chaotic edgy
SPECIAL_MEAL_PLAN_GENERATOR,how to cook a turkey using only a toaster for thanksgiving,Impossible task
SPECIAL_MEAL_PLAN_GENERATOR,my date is a vampire what do i serve,Troll request
SPECIAL_MEAL_PLAN_GENERATOR,i need a birthday cake that looks like a foot,Weird visual
SPECIAL_MEAL_PLAN_GENERATOR,give me a romantic meal that will make them propose immediately,Unrealistic goal
SPECIAL_MEAL_PLAN_GENERATOR,anniversary?,Short lazy
SPECIAL_MEAL_PLAN_GENERATOR,bday food go,Short command
SPECIAL_MEAL_PLAN_GENERATOR,thanksgiving.,One word
SPECIAL_MEAL_PLAN_GENERATOR,date night.,One word
SPECIAL_MEAL_PLAN_GENERATOR,party ideas.,Short lazy
SPECIAL_MEAL_PLAN_GENERATOR,im literally so stressed my mother in law is coming in 2 hours and i have no food give me a gourmet meal plan now,Long panicked
SPECIAL_MEAL_PLAN_GENERATOR,okay so i have this date tonight and i really like them but i burnt the chicken and i need a backup plan that looks like i spent 4 hours cooking it but actually takes 10 minutes help,Long rambling
SPECIAL_MEAL_PLAN_GENERATOR,my kids birthday is tomorrow and they suddenly want a dinosaur themed 3 course meal and im crying please generate something easy,Long emotional
SPECIAL_MEAL_PLAN_GENERATOR,i hate thanksgiving and i hate cooking but i have to host 15 people so give me the laziest possible menu that still looks like i tried,Long frustrated
SPECIAL_MEAL_PLAN_GENERATOR,so its my 10th anniversary and we want to recreate the meal we had in paris but all i have is a microwave and some frozen peas what can we do,Long chaotic
SPECIAL_MEAL_PLAN_GENERATOR,why is planning a party so hard just give me a menu ugh,Angry frustrated
SPECIAL_MEAL_PLAN_GENERATOR,im so sick of turkey give me something else for christmas,Angry constraint
SPECIAL_MEAL_PLAN_GENERATOR,fix my stupid thanksgiving menu,Angry command
SPECIAL_MEAL_PLAN_GENERATOR,i dont care anymore just tell me what to feed these people for the party,Frustrated apathetic
SPECIAL_MEAL_PLAN_GENERATOR,this birthday is ruining my life give me easy recipes,Emotional frustrated
SPECIAL_MEAL_PLAN_GENERATOR,🥂🍓🍫 plan it,Emoji based
SPECIAL_MEAL_PLAN_GENERATOR,🎂🎉 menu?,Emoji based
SPECIAL_MEAL_PLAN_GENERATOR,🦃🍂 food pls,Emoji based
SPECIAL_MEAL_PLAN_GENERATOR,i need a romantic dinner but no garlic or onions we are kissing later,Logical but weird constraint
SPECIAL_MEAL_PLAN_GENERATOR,give me a new years eve menu that is 100% alcohol infused,Adult constraint
SPECIAL_MEAL_PLAN_GENERATOR,what to cook for a blind date idk their allergies,Vague anxious
SPECIAL_MEAL_PLAN_GENERATOR,need a feast fit for a king for my graduation,Hyperbolic
SPECIAL_MEAL_PLAN_GENERATOR,plan a 1920s themed murder mystery dinner menu,Thematic specific
SPECIAL_MEAL_PLAN_GENERATOR,i need a meal for my dogs bark mitzvah,Pun weird
SPECIAL_MEAL_PLAN_GENERATOR,give me a menu for a 5 year olds birthday that adults will actually eat,Dual audience
SPECIAL_MEAL_PLAN_GENERATOR,what to bring to a vegan gluten free nut free soy free potluck,Extreme constraint
SPECIAL_MEAL_PLAN_GENERATOR,need a romantic picnic menu that wont melt in 90 degree heat,Environmental constraint
SPECIAL_MEAL_PLAN_GENERATOR,give me a meal plan for a post breakup crying session,Emotional specific
SPECIAL_MEAL_PLAN_GENERATOR,plan a menu for a watch party of the finale,Event specific
SPECIAL_MEAL_PLAN_GENERATOR,what to cook for someone who only eats beige food for their bday,Color constraint
SPECIAL_MEAL_PLAN_GENERATOR,need a fancy dinner that costs less than $10,Financial constraint
SPECIAL_MEAL_PLAN_GENERATOR,give me a tasting menu of 10 tiny courses,Structure specific
SPECIAL_MEAL_PLAN_GENERATOR,what to serve at an ugly sweater party,Thematic event
SPECIAL_MEAL_PLAN_GENERATOR,need a breakfast in bed menu for anniversary,Location specific
SPECIAL_MEAL_PLAN_GENERATOR,plan a seafood boil for 50 people,Scale specific
SPECIAL_MEAL_PLAN_GENERATOR,what to make for a galentines day brunch,Event slang
SPECIAL_MEAL_PLAN_GENERATOR,give me a halloween menu that looks gross but tastes amazing,Sensory contradiction
SPECIAL_MEAL_PLAN_GENERATOR,need a meal plan for a camping trip birthday,Logistical constraint
SPECIAL_MEAL_PLAN_GENERATOR,what to cook for a dinner party when you cant cook,Skill constraint
SPECIAL_MEAL_PLAN_GENERATOR,give me a 4th of july menu no burgers or hotdogs,Constraint contradiction
SPECIAL_MEAL_PLAN_GENERATOR,need a luxurious midnight snack menu,Timing specific
SPECIAL_MEAL_PLAN_GENERATOR,plan a menu for a 50th wedding anniversary golden theme,Color theme
SPECIAL_MEAL_PLAN_GENERATOR,what to serve at a book club meeting about vampires,Thematic
SPECIAL_MEAL_PLAN_GENERATOR,need a menu for a tech startup launch party,Corporate event
SPECIAL_MEAL_PLAN_GENERATOR,give me a meal plan for a day of mourning,Somber event
SPECIAL_MEAL_PLAN_GENERATOR,what to cook for an astronaut returning to earth,Hyper-specific weird
SPECIAL_MEAL_PLAN_GENERATOR,need a menu for a renaissance fair themed party,Historical event
SPECIAL_MEAL_PLAN_GENERATOR,plan a dinner for my pet snake,Troll
SPECIAL_MEAL_PLAN_GENERATOR,what to serve at a party celebrating a new tattoo,Niche event
SPECIAL_MEAL_PLAN_GENERATOR,give me a menu that consists entirely of desserts for a sweet 16,Sugar constraint
SPECIAL_MEAL_PLAN_GENERATOR,need a romantic dinner that can be eaten entirely with hands,Utensil constraint
SPECIAL_MEAL_PLAN_GENERATOR,what to cook for an alien visiting earth for the first time,Absurd
SPECIAL_MEAL_PLAN_GENERATOR,plan a menu for a secret society meeting,Edgy weird
SPECIAL_MEAL_PLAN_GENERATOR,give me a thanksgiving dinner but entirely in liquid form,Texture constraint
SPECIAL_MEAL_PLAN_GENERATOR,need a birthday menu for someone who hates food,Oxymoron
SPECIAL_MEAL_PLAN_GENERATOR,what to serve at a party where everyone is wearing blindfolds,Sensory event
SPECIAL_MEAL_PLAN_GENERATOR,plan a meal for a time traveler from the year 1800,Historical roleplay
SPECIAL_MEAL_PLAN_GENERATOR,give me a menu for a party that takes place underwater,Logistical impossibility
SPECIAL_MEAL_PLAN_GENERATOR,need a romantic dinner that is completely silent to make,Noise constraint
SPECIAL_MEAL_PLAN_GENERATOR,what to cook for a ghost,Troll
SPECIAL_MEAL_PLAN_GENERATOR,plan a menu for a party celebrating the end of the world,Nihilistic event
SPECIAL_MEAL_PLAN_GENERATOR,give me a birthday cake recipe that is actually meatloaf,Deceptive food
SPECIAL_MEAL_PLAN_GENERATOR,need a menu for a party where all the food is blue,Color constraint
SPECIAL_MEAL_PLAN_GENERATOR,what to serve at a dinner party honoring a houseplant,Absurd
NUTRITION_ANALYZER,how many calories in an apple,Normal polite request
NUTRITION_ANALYZER,what are the macros of chicken breast,Normal request
NUTRITION_ANALYZER,is avocado healthy,Normal request
NUTRITION_ANALYZER,how much protein is in a scoop of whey,Normal request
NUTRITION_ANALYZER,analyze the nutritional content of a big mac,Normal request
NUTRITION_ANALYZER,what vitamins are in spinach,Normal request
NUTRITION_ANALYZER,how much sugar is in a can of coke,Normal request
NUTRITION_ANALYZER,is white rice bad for you,Normal query
NUTRITION_ANALYZER,how much fat is in olive oil,Normal request
NUTRITION_ANALYZER,what is the glycemic index of a banana,Normal technical
NUTRITION_ANALYZER,how much fiber in oatmeal,Normal request
NUTRITION_ANALYZER,are eggs good for cholesterol,Normal health query
NUTRITION_ANALYZER,what are the macros for 100g of almonds,Normal specific
NUTRITION_ANALYZER,how many carbs in a slice of bread,Normal request
NUTRITION_ANALYZER,analyze a bowl of pho,Normal dish request
NUTRITION_ANALYZER,bro how fat is a pizza,Slang casual
NUTRITION_ANALYZER,is butter a carb lol,Slang pop culture
NUTRITION_ANALYZER,how much protein to get swole,Slang fitness
NUTRITION_ANALYZER,spill the tea on how bad donuts are for me,Slang Gen Z
NUTRITION_ANALYZER,what are the macros on this garbage meal i just ate,Slang self deprecating
NUTRITION_ANALYZER,tell me the damage of a pint of ice cream,Slang guilt
NUTRITION_ANALYZER,is keto bread actually legit,Slang skeptical
NUTRITION_ANALYZER,how many cals in a monster energy drink rn,Slang urgent
NUTRITION_ANALYZER,gimme the stats on a chipotle burrito,Slang command
NUTRITION_ANALYZER,macros check on a ribeye steak bro,Slang fitness
NUTRITION_ANALYZER,hw mny cals in a banna,Typo text speak
NUTRITION_ANALYZER,protien in egss,Typo
NUTRITION_ANALYZER,is choclate healty,Typo
NUTRITION_ANALYZER,vitmains in brocoli,Typo
NUTRITION_ANALYZER,how mach shugar in sode,Typo
NUTRITION_ANALYZER,caloris in watter,Typo
NUTRITION_ANALYZER,macors for beef,Typo
NUTRITION_ANALYZER,anylyze my food,Typo
NUTRITION_ANALYZER,how mny crbs in psta,Typo
NUTRITION_ANALYZER,is piza bad 4 u,Typo text speak
NUTRITION_ANALYZER,if i eat a whole jar of mayonnaise will i die,Chaotic weird
NUTRITION_ANALYZER,how many calories are in a human soul asking for a friend,Troll mischievous
NUTRITION_ANALYZER,is water wet and does it have carbs,Joke
NUTRITION_ANALYZER,analyze the macros of my tears after a breakup,Emotional chaotic
NUTRITION_ANALYZER,how much protein is in a mosquito bite,Absurd
NUTRITION_ANALYZER,if i eat 400 gummy bears is that considered a fruit serving,Mischievous logic
NUTRITION_ANALYZER,what are the nutritional benefits of eating dirt,Troll
NUTRITION_ANALYZER,how many calories do i burn by overthinking my calories,Meta joke
NUTRITION_ANALYZER,is sunlight keto friendly,Absurd
NUTRITION_ANALYZER,did i just ruin my life by eating one french fry,Hyperbolic anxious
NUTRITION_ANALYZER,apple calories?,Short lazy
NUTRITION_ANALYZER,macros chicken.,Short
NUTRITION_ANALYZER,analyze pizza.,Short command
NUTRITION_ANALYZER,sugar in coke?,Short
NUTRITION_ANALYZER,protein eggs go.,Short command
NUTRITION_ANALYZER,okay so i went to a buffet and i had 3 plates of pasta 2 slices of cake some mystery meat and a diet coke can you somehow calculate the macros of my shame,Long rambling
NUTRITION_ANALYZER,im trying to track my macros but my mom made this casserole with like 15 unknown ingredients and a layer of cheese how do i even begin to analyze this,Long frustrated
NUTRITION_ANALYZER,so i read online that celery has negative calories because you burn more chewing it than it contains is this actually true or am i being lied to by big celery,Long inquisitive
NUTRITION_ANALYZER,i need to know the exact micronutrient profile of a single blueberry because my app is missing 0.001 grams of potassium for the day,Long obsessive
NUTRITION_ANALYZER,why does every website say something different about the calories in a sweet potato just give me the absolute truth right now,Long angry
NUTRITION_ANALYZER,why the hell is there so much sugar in ketchup im so mad,Angry frustrated
NUTRITION_ANALYZER,stop telling me pizza is bad just give me the macros,Angry defensive
NUTRITION_ANALYZER,this calorie counting is stupid just tell me if a burger is okay,Angry impatient
NUTRITION_ANALYZER,why cant i just eat what i want how many calories in this stupid salad,Frustrated emotional
NUTRITION_ANALYZER,i hate math just analyze the macros for me ugh,Frustrated lazy
NUTRITION_ANALYZER,🍎 cals?,Emoji based
NUTRITION_ANALYZER,🥩 💪 ?,Emoji based
NUTRITION_ANALYZER,🍔 = 💀?,Emoji based
NUTRITION_ANALYZER,how many calories in 3.5 ounces of 80/20 ground beef cooked medium rare,Highly specific
NUTRITION_ANALYZER,what is the amino acid profile of quinoa,Technical specific
NUTRITION_ANALYZER,analyze the difference between grass fed and grain fed beef macros,Comparative
NUTRITION_ANALYZER,how much sodium in a packet of soy sauce,Condiment specific
NUTRITION_ANALYZER,is the fat in an avocado considered saturated or unsaturated,Scientific query
NUTRITION_ANALYZER,how many calories does a 10 minute cold shower burn,Vague physics
NUTRITION_ANALYZER,analyze the nutritional density of spirulina,Superfood query
NUTRITION_ANALYZER,how much caffeine is in a shot of espresso vs a cup of black tea,Comparison
NUTRITION_ANALYZER,what are the net carbs in a keto tortilla,Diet specific
NUTRITION_ANALYZER,how many calories in a breath mint,Minutiae
NUTRITION_ANALYZER,analyze a homemade smoothie with spinach banana almond milk and chia seeds,Recipe analysis
NUTRITION_ANALYZER,how much sugar is naturally occurring in strawberries vs added sugar,Distinction query
NUTRITION_ANALYZER,is msg actually bad for you or is that a myth,Mythbusting
NUTRITION_ANALYZER,what is the cholesterol content of shrimp,Specific health concern
NUTRITION_ANALYZER,how many calories in the skin of an apple vs the flesh,Hyper specific
NUTRITION_ANALYZER,analyze the calcium content in a glass of oat milk,Nutrient specific
NUTRITION_ANALYZER,is it possible to eat too much protein,Upper limit query
NUTRITION_ANALYZER,how many calories are in a single grain of rice,Troll specific
NUTRITION_ANALYZER,what is the thermic effect of eating celery,Metabolism query
NUTRITION_ANALYZER,analyze the macros of a dream i had about eating a cake,Absurd
NUTRITION_ANALYZER,how much potassium in a banana compared to a potato,Comparative
NUTRITION_ANALYZER,is raw spinach better than cooked spinach nutritionally,Preparation specific
NUTRITION_ANALYZER,what are the anti-nutrients in phytic acid,Deep science
NUTRITION_ANALYZER,how many calories in a gummy vitamin,Minutiae
NUTRITION_ANALYZER,analyze the hydration level of a cucumber,Water content
NUTRITION_ANALYZER,what is the nutritional difference between red and green bell peppers,Color difference
NUTRITION_ANALYZER,how much iron is in a cast iron skillet cooked meal,Fringe science
NUTRITION_ANALYZER,is honey better than white sugar nutritionally,Comparison
NUTRITION_ANALYZER,what are the macros of 1 cup of air,Troll
NUTRITION_ANALYZER,how many calories in a standard communion wafer,Weird specific
NUTRITION_ANALYZER,analyze the trans fat in a standard fast food french fry,Health hazard query
NUTRITION_ANALYZER,what is the bioavailability of protein in hemp seeds,Advanced science
NUTRITION_ANALYZER,how much omega 3 is in salmon vs flaxseed,Comparative
NUTRITION_ANALYZER,is dark chocolate actually a superfood,Trend verification
NUTRITION_ANALYZER,what are the macros of the concept of time,Abstract troll
NUTRITION_ANALYZER,how many calories in chewing gum if i swallow it,Childhood fear query
NUTRITION_ANALYZER,analyze the vitamin d content of 10 minutes in the sun,Environmental
NUTRITION_ANALYZER,what is the nutritional value of a pearl,Absurd
NUTRITION_ANALYZER,how much sugar is in a cloud,Poetic nonsense
NUTRITION_ANALYZER,is the moon made of cheese and if so what are its macros,Joke
NUTRITION_ANALYZER,how many calories do i absorb if i just smell a bakery,Sensory query
NUTRITION_ANALYZER,analyze the macros of a completely empty plate,Zen joke
NUTRITION_ANALYZER,what is the nutritional content of a battery,Dangerous troll
NUTRITION_ANALYZER,how much fiber is in a cardboard box,Troll
NUTRITION_ANALYZER,is eating my own hair considered a protein intake,Gross troll
MEAL_INGREDIENTS,what do i need to make chicken parmesan,Normal polite request
MEAL_INGREDIENTS,list the ingredients for my dinner tonight,Normal request
MEAL_INGREDIENTS,what goes into a classic greek salad,Normal query
MEAL_INGREDIENTS,give me the recipe items for beef stroganoff,Normal request
MEAL_INGREDIENTS,what should i buy for tomorrow's breakfast,Normal request
MEAL_INGREDIENTS,tell me what is in the avocado toast plan,Normal request
MEAL_INGREDIENTS,what do i need for the keto pizza,Normal constraint
MEAL_INGREDIENTS,show me the ingredients for the smoothie bowl,Normal request
MEAL_INGREDIENTS,what are the components of a cobb salad,Normal query
MEAL_INGREDIENTS,do i need garlic for tonight's pasta,Normal specific
MEAL_INGREDIENTS,what is the shopping list for the vegan tacos,Normal constraint
MEAL_INGREDIENTS,tell me the exact ingredients for the meal you just planned,Normal reference
MEAL_INGREDIENTS,what kind of cheese is in the mac and cheese recipe,Normal specific
MEAL_INGREDIENTS,what spices do i need for the curry,Normal category
MEAL_INGREDIENTS,list everything i need to bake that chocolate cake,Normal request
MEAL_INGREDIENTS,what's in the sauce bro,Slang casual
MEAL_INGREDIENTS,drop the ingredients list rn,Slang urgent
MEAL_INGREDIENTS,what do i gotta cop from the store for dinner,Slang Gen Z
MEAL_INGREDIENTS,hit me with the grocery list for this meal,Slang command
MEAL_INGREDIENTS,what's the damage for the grocery run on this recipe,Slang cost/effort
MEAL_INGREDIENTS,spill the recipe details,Slang casual
MEAL_INGREDIENTS,what goes in this bussin looking meal,Slang internet
MEAL_INGREDIENTS,need the specs for this lunch,Slang technical
MEAL_INGREDIENTS,what am i throwing in the pot today,Slang casual
MEAL_INGREDIENTS,what all do i need for the munchies tonight,Slang stoner
MEAL_INGREDIENTS,wht do i ned for dinnr,Typo text speak
MEAL_INGREDIENTS,ingredants for the cake pls,Typo
MEAL_INGREDIENTS,waht is in the soup,Typo
MEAL_INGREDIENTS,lst the items for lunch,Typo
MEAL_INGREDIENTS,do i ned egss for this,Typo
MEAL_INGREDIENTS,ingridents list now,Typo
MEAL_INGREDIENTS,show me wats in the taco bell dupe,Typo slang
MEAL_INGREDIENTS,what spice in the cury,Typo
MEAL_INGREDIENTS,need the grocry list 4 2night,Typo text speak
MEAL_INGREDIENTS,what 2 buy for brekfast,Typo
MEAL_INGREDIENTS,what are the ingredients of a human soul just kidding i mean the chicken soup,Chaotic mischievous
MEAL_INGREDIENTS,if i wanted to make a potion of healing what goes in it,Nerd troll
MEAL_INGREDIENTS,what do i need to make a sandwich that will fix my marriage,Emotional absurd
MEAL_INGREDIENTS,list the ingredients for disaster,Edgy troll
MEAL_INGREDIENTS,what goes into a meal that tastes like the color purple,Synesthesia troll
MEAL_INGREDIENTS,give me the ingredients for the krabby patty secret formula,Pop culture troll
MEAL_INGREDIENTS,what do i need to bake a cake filled with lies,Dramatic absurd
MEAL_INGREDIENTS,tell me what ingredients i need to summon a demon of flavor,Mischievous
MEAL_INGREDIENTS,what goes in water to make it wet,Philosophical troll
MEAL_INGREDIENTS,list the items needed to construct a skyscraper out of cheese,Absurd scale
MEAL_INGREDIENTS,ingredients?,Short lazy
MEAL_INGREDIENTS,what to buy.,Short
MEAL_INGREDIENTS,dinner list.,Short
MEAL_INGREDIENTS,whats in it.,Short
MEAL_INGREDIENTS,shopping list go.,Short command
MEAL_INGREDIENTS,okay so i am standing in the middle of aisle 4 at the grocery store and i completely forgot what you told me to make for dinner and my phone is at 1 percent please just list the top 5 things i need,Long panicked
MEAL_INGREDIENTS,i want to make that lasagna we talked about last week but my dog ate the paper i wrote the ingredients on can you remind me what i need especially the cheeses,Long specific
MEAL_INGREDIENTS,so my mother in law just showed up unannounced and she is judging my kitchen what exactly do i need to pull out of the fridge to pretend i was about to make a gourmet french dish,Long chaotic
MEAL_INGREDIENTS,i am trying to budget my life and i need to know the exact ingredients for the next three meals so i can cross-reference them with what is currently on sale at whole foods,Long obsessive
MEAL_INGREDIENTS,why won't you just tell me what is in the sauce i have asked you three times and i am starting to think you are hiding something from me,Long paranoid
MEAL_INGREDIENTS,why do you keep hiding the ingredient list just give it to me,Angry frustrated
MEAL_INGREDIENTS,this is stupid what do i need for the chicken,Angry impatient
MEAL_INGREDIENTS,stop talking and list the groceries ugh,Angry command
MEAL_INGREDIENTS,i cant cook if i dont know what to buy idiot,Angry rude
MEAL_INGREDIENTS,just tell me if i need milk or not for crying out loud,Frustrated specific
MEAL_INGREDIENTS,🛒 📝 ?,Emoji based
MEAL_INGREDIENTS,🍅 🧅 🧄 = ?,Emoji based
MEAL_INGREDIENTS,🥘 ingredients pls,Emoji based
MEAL_INGREDIENTS,what type of flour is required for the sourdough bread,Technical specific
MEAL_INGREDIENTS,do i need fresh or dried basil for the margherita pizza,Preparation specific
MEAL_INGREDIENTS,what cuts of beef are in a traditional pho broth,Meat specific
MEAL_INGREDIENTS,tell me the exact ratio of oil to vinegar in the vinaigrette,Measurement specific
MEAL_INGREDIENTS,what is the secret ingredient in the chili recipe,Specific inquiry
MEAL_INGREDIENTS,are there nuts in the pesto recipe you gave me,Allergy check
MEAL_INGREDIENTS,do i need to buy unsalted or salted butter for the cookies,Baking specific
MEAL_INGREDIENTS,what vegetables go into a classic mirepoix,Culinary term
MEAL_INGREDIENTS,list the dry ingredients vs the wet ingredients for the pancakes,Categorized request
MEAL_INGREDIENTS,what kind of noodles do i need for pad thai,Ingredient specific
MEAL_INGREDIENTS,do i need light or dark soy sauce for the stir fry,Specific variant
MEAL_INGREDIENTS,what is the garnish for the margarita,Finishing touch
MEAL_INGREDIENTS,what type of apples are best for the apple pie recipe,Variety specific
MEAL_INGREDIENTS,do i need baking soda or baking powder for this,Chemistry check
MEAL_INGREDIENTS,what goes in a bouquet garni,Culinary term
MEAL_INGREDIENTS,do i need full fat or skim milk for the chowder,Dietary specific
MEAL_INGREDIENTS,what are the base ingredients for a roux,Culinary technique
MEAL_INGREDIENTS,tell me what i need to make a homemade barbecue sauce,Condiment specific
MEAL_INGREDIENTS,what is the binder used in the vegan meatballs,Vegan specific
MEAL_INGREDIENTS,do i need raw or roasted peanuts for the kung pao chicken,Preparation specific
MEAL_INGREDIENTS,what goes into a five spice powder blend,Spice specific
MEAL_INGREDIENTS,what kind of rice is used for sushi,Grain specific
MEAL_INGREDIENTS,do i need to buy a whole chicken or just breasts,Format specific
MEAL_INGREDIENTS,what is the liquid base for the minestrone soup,Base specific
MEAL_INGREDIENTS,are there eggs in the vegan mayo recipe,Trick question
MEAL_INGREDIENTS,what do i need to buy to recreate a big mac at home,Fast food dupe
MEAL_INGREDIENTS,what ingredients do i need to survive a zombie apocalypse,Thematic troll
MEAL_INGREDIENTS,list the items to make a dish that looks like a forest floor,Aesthetic specific
MEAL_INGREDIENTS,what goes in a sandwich made for a king,Hyperbolic
MEAL_INGREDIENTS,tell me what i need to make food out of thin air,Impossible request
MEAL_INGREDIENTS,what are the ingredients of love,Philosophical troll
MEAL_INGREDIENTS,do i need a dragon's scale for this spicy soup,Fantasy troll
MEAL_INGREDIENTS,what goes into a meal that will make my ex jealous,Emotional petty
MEAL_INGREDIENTS,list the ingredients for a dinner that costs exactly one million dollars,Absurd financial
MEAL_INGREDIENTS,what do i need to make a cake that tastes like sad jazz music,Synesthesia troll
MEAL_INGREDIENTS,tell me what to buy if i hate myself and want to eat pure sugar,Self deprecating
MEAL_INGREDIENTS,what goes in a salad that is secretly a dessert,Deceptive food
MEAL_INGREDIENTS,do i need plutonium for the energy drink recipe,Dangerous troll
MEAL_INGREDIENTS,list the ingredients for a meal that takes 10 years to cook,Absurd time
MEAL_INGREDIENTS,what do i need to make a pizza that is 100% crust,Weird preference
MEAL_CHECK_IN,i just ate an apple,Normal polite statement
MEAL_CHECK_IN,log my breakfast 2 eggs and toast,Normal request
MEAL_CHECK_IN,i had a chicken salad for lunch,Normal statement
MEAL_CHECK_IN,record that i drank a protein shake,Normal request
MEAL_CHECK_IN,checking in i ate the planned dinner,Normal confirmation
MEAL_CHECK_IN,i snacked on some almonds just now,Normal statement
MEAL_CHECK_IN,put down that i had a bowl of oatmeal,Normal request
MEAL_CHECK_IN,i finished my meal prep for today,Normal confirmation
MEAL_CHECK_IN,log 500 calories for my lunch,Normal calorie log
MEAL_CHECK_IN,i had exactly what was on the meal plan,Normal adherence
MEAL_CHECK_IN,just finished eating a banana,Normal statement
MEAL_CHECK_IN,i skipped breakfast today,Normal omission
MEAL_CHECK_IN,add a cup of coffee to my intake,Normal request
MEAL_CHECK_IN,i ate a turkey sandwich and an orange,Normal compound
MEAL_CHECK_IN,log my post workout meal of rice and beans,Normal specific
MEAL_CHECK_IN,just devoured a whole pizza dont judge me,Slang guilty
MEAL_CHECK_IN,i smashed that burger bro,Slang positive
MEAL_CHECK_IN,ate my feelings today log 3 donuts,Slang emotional
MEAL_CHECK_IN,scarfed down some chicken just now,Slang casual
MEAL_CHECK_IN,log the grub i just inhaled,Slang command
MEAL_CHECK_IN,i caved and got fast food,Slang guilty
MEAL_CHECK_IN,the munchies won i ate a bag of chips,Slang stoner
MEAL_CHECK_IN,put it on the record i destroyed that steak,Slang aggressive
MEAL_CHECK_IN,i totally flaked on the diet and had pasta,Slang confession
MEAL_CHECK_IN,logged the macros bro we staying swole,Slang fitness
MEAL_CHECK_IN,i et a aplle,Typo text speak
MEAL_CHECK_IN,log brekfast 2 egs,Typo
MEAL_CHECK_IN,had chiken for lunch,Typo
MEAL_CHECK_IN,reocrd my snak,Typo
MEAL_CHECK_IN,i skiped dinnr,Typo
MEAL_CHECK_IN,log a cup of cofee,Typo
MEAL_CHECK_IN,ate a bannana,Typo
MEAL_CHECK_IN,put down that i at a burgur,Typo
MEAL_CHECK_IN,fnished my meal,Typo
MEAL_CHECK_IN,log my water adn food,Typo
MEAL_CHECK_IN,i accidentally swallowed a fly does that count as protein,Chaotic weird
MEAL_CHECK_IN,i ate 14 ice cubes log my crunch intake,Troll
MEAL_CHECK_IN,log that i consumed the souls of my enemies and also a bagel,Edgy weird
MEAL_CHECK_IN,i ate nothing but regret for lunch,Emotional troll
MEAL_CHECK_IN,put down that i photosynthesized for breakfast,Biological troll
MEAL_CHECK_IN,i stared at a cake for 20 minutes log my visual calories,Absurd
MEAL_CHECK_IN,i ate a piece of paper that said 'food' on it,Literal troll
MEAL_CHECK_IN,log that i chewed gum for 6 hours and swallowed it,Gross weird
MEAL_CHECK_IN,i absorbed the energy of the universe for dinner,Spiritual troll
MEAL_CHECK_IN,put down that i bit my lip does that count as cannibalism,Morbid joke
MEAL_CHECK_IN,ate apple.,Short
MEAL_CHECK_IN,logged lunch.,Short
MEAL_CHECK_IN,skip dinner.,Short command
MEAL_CHECK_IN,had coffee.,Short
MEAL_CHECK_IN,food done.,Short lazy
MEAL_CHECK_IN,so i was at this party and there was a huge buffet and i totally blacked out and when i came to i was holding a plate with half a sausage a piece of cheese and what looked like a deviled egg so just guess the calories,Long chaotic
MEAL_CHECK_IN,i tried to eat the salad you told me to but it was so gross so i threw it away and made a grilled cheese with three kinds of cheese and dipped it in ketchup please forgive me and log it,Long guilty
MEAL_CHECK_IN,i am formally checking in to inform you that i have consumed exactly 12 almonds 1.5 cups of green tea and a singular grape because i am operating on a higher wavelength today,Long pretentious
MEAL_CHECK_IN,for lunch i had a turkey sandwich but i took off the top piece of bread and i scraped off the mayo and i only ate half the turkey so how do i even log this mess,Long specific
MEAL_CHECK_IN,i am so incredibly mad right now i dropped my entire lunch on the floor so log that i ate the floor dirt and air because that is all i get today,Long angry
MEAL_CHECK_IN,this tracker is so annoying just put down that i ate food,Angry frustrated
MEAL_CHECK_IN,i ate a burger okay stop nagging me,Angry defensive
MEAL_CHECK_IN,why do i have to log everything ugh i had a salad,Frustrated complaining
MEAL_CHECK_IN,just record the stupid dinner and leave me alone,Angry command
MEAL_CHECK_IN,i hate logging meals i had pizza deal with it,Frustrated rebellious
MEAL_CHECK_IN,ate 🍔🍟🥤 log it,Emoji based
MEAL_CHECK_IN,had 🥗 for lunch,Emoji based
MEAL_CHECK_IN,i ate exactly 132 grams of cooked white rice,Highly specific
MEAL_CHECK_IN,log half a serving of the chicken parmesan,Portion specific
MEAL_CHECK_IN,i had a handful of mixed nuts about 1/4 cup,Estimation
MEAL_CHECK_IN,log a venti iced caramel macchiato with oat milk and half sweet,Extremely specific drink
MEAL_CHECK_IN,i ate the lunch plan but substituted the broccoli for asparagus,Substitution log
MEAL_CHECK_IN,record 3 bites of my toddlers mac and cheese,Parent specific
MEAL_CHECK_IN,i had a tasting menu log 10 tiny mystery courses,Event specific
MEAL_CHECK_IN,log a protein bar it was 20g protein and 200 cals,Macro specific
MEAL_CHECK_IN,i drank 2 liters of water with my meal,Compound log
MEAL_CHECK_IN,log 3 slices of a 12 inch pepperoni pizza,Size specific
MEAL_CHECK_IN,i had a handful of gummy bears,Vague quantity
MEAL_CHECK_IN,record one tablespoon of olive oil used for cooking,Minutiae log
MEAL_CHECK_IN,i ate a meal that was roughly 40% carbs 30% fat 30% protein,Percentage log
MEAL_CHECK_IN,log a slice of birthday cake with heavy frosting,Contextual log
MEAL_CHECK_IN,i had a side salad with ranch dressing on the side but i dipped my fork in it,Micro specific
MEAL_CHECK_IN,log a midnight snack of peanut butter from the jar,Timing specific
MEAL_CHECK_IN,i ate the skin of a baked potato but not the inside,Weird portion
MEAL_CHECK_IN,record one communion wafer and a sip of wine,Religious log
MEAL_CHECK_IN,i had a free sample at costco a tiny piece of sausage,Micro log
MEAL_CHECK_IN,log a breath mint,Minutiae
MEAL_CHECK_IN,i ate half an apple and threw the rest at a bird,Chaotic portion
MEAL_CHECK_IN,log that i tasted the soup while cooking it,Micro log
MEAL_CHECK_IN,i accidentally swallowed some toothpaste,Weird accident
MEAL_CHECK_IN,record a crumb of bread that fell on my shirt,Absurd log
MEAL_CHECK_IN,i had a dream that i ate a huge buffet log 0 calories,Meta log
MEAL_CHECK_IN,log my tears as a salty beverage,Emotional troll
MEAL_CHECK_IN,i ate my pride for lunch,Idiom troll
MEAL_CHECK_IN,record that i absorbed the moonlight for energy,Spiritual troll
MEAL_CHECK_IN,i had a slice of humble pie,Idiom troll
MEAL_CHECK_IN,log that i swallowed my gum,Childhood fear log
MEAL_CHECK_IN,i ate a snowflake,Poetic troll
MEAL_CHECK_IN,record 5 minutes of inhaling bakery smells,Sensory log
MEAL_CHECK_IN,i consumed the latest episode of my favorite show for dinner,Metaphorical troll
MEAL_CHECK_IN,log that i ate words,Idiom troll
MEAL_CHECK_IN,i had a bite of a forbidden fruit,Dramatic troll
MEAL_RETRIEVER,what did i eat for dinner yesterday,Normal polite request
MEAL_RETRIEVER,show me my meal plan from last tuesday,Normal request
MEAL_RETRIEVER,what is on the menu for tomorrow,Normal forward query
MEAL_RETRIEVER,can you pull up the breakfast i had on january 5th,Normal specific date
MEAL_RETRIEVER,what did i eat the last time i went to that italian restaurant,Normal contextual
MEAL_RETRIEVER,show me the saved recipe for the chicken stir fry,Normal retrieval
MEAL_RETRIEVER,what was the high protein plan you gave me last week,Normal past reference
MEAL_RETRIEVER,retrieve my favorite meals list,Normal request
MEAL_RETRIEVER,what did i log for lunch two days ago,Normal log check
MEAL_RETRIEVER,show me my meal history for this month,Normal broad query
MEAL_RETRIEVER,what was that smoothie recipe i saved,Normal specific
MEAL_RETRIEVER,pull up the keto plan we made last month,Normal past plan
MEAL_RETRIEVER,what did i eat on my birthday last year,Normal event query
MEAL_RETRIEVER,show me the grocery list i generated yesterday,Normal related retrieval
MEAL_RETRIEVER,what was the snack i logged at 3pm today,Normal time specific
MEAL_RETRIEVER,bro what did i eat yesterday i forgot,Slang casual
MEAL_RETRIEVER,pull up the receipts what was my diet last week,Slang aggressive
MEAL_RETRIEVER,hit me with that saved pizza recipe,Slang command
MEAL_RETRIEVER,what was that bussin meal from friday,Slang internet
MEAL_RETRIEVER,run back the meal plan from yesterday,Slang sports/music
MEAL_RETRIEVER,fetch my food history rn,Slang urgent
MEAL_RETRIEVER,what did i smash for lunch on monday,Slang positive
MEAL_RETRIEVER,bring up my cheat day log from the weekend,Slang fitness
MEAL_RETRIEVER,what was that fire taco recipe i saved,Slang positive
MEAL_RETRIEVER,show me my past eats,Slang casual
MEAL_RETRIEVER,wht did i eat ystrday,Typo text speak
MEAL_RETRIEVER,show my past meels,Typo
MEAL_RETRIEVER,pull up the chiken recipe,Typo
MEAL_RETRIEVER,wat was on the menu 4 tmrw,Typo text speak
MEAL_RETRIEVER,retrve my favrit meals,Typo
MEAL_RETRIEVER,what did i log for lanch,Typo
MEAL_RETRIEVER,show meal histry,Typo
MEAL_RETRIEVER,wat was that smothie recipe,Typo
MEAL_RETRIEVER,pull up the keto plann,Typo
MEAL_RETRIEVER,what did i eet on my bday,Typo slang
MEAL_RETRIEVER,can you access my brain and tell me what i ate because i have amnesia,Chaotic weird
MEAL_RETRIEVER,show me the meal plan from the day the world ended,Dramatic troll
MEAL_RETRIEVER,what did i eat in my past life as a victorian orphan,Historical troll
MEAL_RETRIEVER,pull up the recipe for disaster that i made last night,Idiom troll
MEAL_RETRIEVER,show me the ghost of meals past,Poetic troll
MEAL_RETRIEVER,what did i eat that made me see sounds last tuesday,Synesthesia troll
MEAL_RETRIEVER,retrieve the forbidden knowledge of my late night snack habits,Edgy troll
MEAL_RETRIEVER,what was the meal i ate before i made that terrible life decision,Contextual chaotic
MEAL_RETRIEVER,show me a list of every time i have eaten a potato in my entire life,Absurd scale
MEAL_RETRIEVER,what did my dog eat yesterday wait wrong app,Accidental chaotic
MEAL_RETRIEVER,yesterday's food.,Short
MEAL_RETRIEVER,past meals.,Short
MEAL_RETRIEVER,show tuesday.,Short command
MEAL_RETRIEVER,what i ate.,Short lazy
MEAL_RETRIEVER,pull saved recipe.,Short command
MEAL_RETRIEVER,okay so i have this vague memory of eating something really amazing last week that had like chicken and a weird sauce and maybe some broccoli can you please search my entire history and figure out what it was,Long rambling
MEAL_RETRIEVER,i am trying to prove a point to my husband who says we eat pasta too much can you pull up my meal history for the last 6 months and count exactly how many times i logged pasta,Long specific argument
MEAL_RETRIEVER,i completely lost the meal plan you generated for me on monday and now it is wednesday and my life is falling apart because i dont know what to eat please find it and show it to me,Long panicked
MEAL_RETRIEVER,i need you to look at my meal history from last november when i was actually skinny and tell me exactly what i was eating every single day so i can copy it perfectly,Long obsessive
MEAL_RETRIEVER,why cant i ever find my saved meals in this stupid app just show me the lasagna recipe from three weeks ago before i lose my mind,Long frustrated
MEAL_RETRIEVER,this app is broken where did my saved meal go,Angry frustrated
MEAL_RETRIEVER,find my tuesday meal plan now i am waiting,Angry impatient
MEAL_RETRIEVER,stop making me search for it just show my history,Angry lazy
MEAL_RETRIEVER,why did you delete my recipe bring it back,Angry accusatory
MEAL_RETRIEVER,i just want to see yesterday's lunch is that so hard,Frustrated rhetorical
MEAL_RETRIEVER,📅 🍽️ ?,Emoji based
MEAL_RETRIEVER,⏮️ 🍔 show me,Emoji based
MEAL_RETRIEVER,👀 my past meals,Emoji based
MEAL_RETRIEVER,what was the exact caloric breakdown of my dinner on 10/12/2023,Highly specific past
MEAL_RETRIEVER,show me the macros of the meal i saved named 'bulk day 1',Specific saved item
MEAL_RETRIEVER,what time exactly did i log my breakfast on sunday,Timing retrieval
MEAL_RETRIEVER,pull up all meals tagged as 'vegan' from last year,Filtered retrieval
MEAL_RETRIEVER,what was the most frequent meal i ate in july,Statistical retrieval
MEAL_RETRIEVER,show me the ingredients list from the plan on the 15th,Cross tool past
MEAL_RETRIEVER,retrieve the notes i added to the spaghetti log,Metadata retrieval
MEAL_RETRIEVER,what was the lowest calorie day i had last week,Extremes retrieval
MEAL_RETRIEVER,show me my meal streak for last month,Gamification past
MEAL_RETRIEVER,what was the substitution i made in the salad last friday,Micro change retrieval
MEAL_RETRIEVER,pull up the meal plan but only show the snacks,Partial retrieval
MEAL_RETRIEVER,what was the name of the restaurant i logged a meal from on my anniversary,Location specific past
MEAL_RETRIEVER,show me the photo of the meal i uploaded last week,Media retrieval
MEAL_RETRIEVER,what was the rating i gave the chicken dish i saved,Feedback retrieval
MEAL_RETRIEVER,pull up the meal history that corresponds with my lowest weigh in,Cross reference past
MEAL_RETRIEVER,what did i eat the day i ran the marathon,Event specific past
MEAL_RETRIEVER,show me meals i ate when i was sick last winter,Condition specific past
MEAL_RETRIEVER,retrieve the recipe that my mom sent me that i saved here,Source specific
MEAL_RETRIEVER,what was the most expensive meal i logged,Financial past
MEAL_RETRIEVER,pull up the meal plan that failed terribly,Subjective past
MEAL_RETRIEVER,what did i eat the day the aliens landed,Sci fi troll
MEAL_RETRIEVER,show me my meals from the dark timeline,Multiverse troll
MEAL_RETRIEVER,retrieve the meal that erased my memory,Paradox troll
MEAL_RETRIEVER,what was i eating when the stock market crashed,Historical troll
MEAL_RETRIEVER,show me the meal that made me invincible for 10 seconds,Video game troll
MEAL_RETRIEVER,pull up the food i ate in my dreams last night,Dream troll
MEAL_RETRIEVER,what was the meal that caused the butterfly effect,Chaos theory troll
MEAL_RETRIEVER,retrieve the sandwich of destiny,Dramatic troll
MEAL_RETRIEVER,show me the last meal i will ever eat,Ominous troll
MEAL_RETRIEVER,what did i eat that turned me into a werewolf,Monster troll
CRAVING_ASSISTANT,how do i stop craving chocolate right now,Normal polite request
CRAVING_ASSISTANT,i really want a burger what should i do,Normal request
CRAVING_ASSISTANT,help me i am craving something super sweet,Normal assistance request
CRAVING_ASSISTANT,what can i eat when i want ice cream but am on a diet,Normal alternative
CRAVING_ASSISTANT,is there a way to stop wanting salty snacks,Normal query
CRAVING_ASSISTANT,i need a healthy way to satisfy a pizza craving,Normal constraint
CRAVING_ASSISTANT,how to beat the afternoon sugar slump,Normal condition
CRAVING_ASSISTANT,give me a distraction so i dont eat cookies,Normal behavioral request
CRAVING_ASSISTANT,what is a good substitute for potato chips right now,Normal alternative
CRAVING_ASSISTANT,im having massive cravings for fast food help,Normal urgent
CRAVING_ASSISTANT,why am i always craving cheese,Normal biological query
CRAVING_ASSISTANT,is drinking water going to stop my hunger pangs,Normal check
CRAVING_ASSISTANT,what can i chew on to stop wanting candy,Normal oral fixation
CRAVING_ASSISTANT,i want to binge eat pasta talk me out of it,Normal behavioral
CRAVING_ASSISTANT,give me a low calorie hack for a sweet tooth,Normal hack
CRAVING_ASSISTANT,bro im dying for a donut rn talk me down,Slang urgent
CRAVING_ASSISTANT,my sweet tooth is acting up bad today,Slang casual
CRAVING_ASSISTANT,im bout to destroy a whole cake help me,Slang aggressive
CRAVING_ASSISTANT,the munchies are hitting hard what do i do,Slang stoner
CRAVING_ASSISTANT,need to curb these cravings asap,Slang corporate
CRAVING_ASSISTANT,cravings got me down bad rn,Slang Gen Z
CRAVING_ASSISTANT,im craving heavily gimme a cheat code,Slang gaming
CRAVING_ASSISTANT,talk me out of this midnight snack run bro,Slang casual
CRAVING_ASSISTANT,need a dupe for oreos im losing my mind,Slang internet
CRAVING_ASSISTANT,brain says salad but heart says taco bell,Slang meme
CRAVING_ASSISTANT,hw do i stop cravng chcolate,Typo text speak
CRAVING_ASSISTANT,i rly want a berger hlp,Typo
CRAVING_ASSISTANT,hlp me craving suagr,Typo
CRAVING_ASSISTANT,substitut for icecreem,Typo
CRAVING_ASSISTANT,stopp wantng salty snax,Typo
CRAVING_ASSISTANT,helthy pizza cravng,Typo
CRAVING_ASSISTANT,beat the sugur slump,Typo
CRAVING_ASSISTANT,distract me frm cokies,Typo
CRAVING_ASSISTANT,alwais craving chese,Typo
CRAVING_ASSISTANT,i wana bing eat talk me out,Typo text speak
CRAVING_ASSISTANT,i am craving the sweet release of a nap but also a large fry,Chaotic mixed
CRAVING_ASSISTANT,if i eat one more piece of celery i will scream give me real sugar,Dramatic chaotic
CRAVING_ASSISTANT,i want to consume an entire bakery just by looking at it,Hyperbolic
CRAVING_ASSISTANT,talk me out of eating this decorative soap that looks like a cupcake,Weird urge
CRAVING_ASSISTANT,im craving chaos and maybe some nachos,Abstract troll
CRAVING_ASSISTANT,my stomach is growling louder than my alarm clock help me survive,Hyperbolic
CRAVING_ASSISTANT,is it legal to marry a jar of peanut butter because i want to,Absurd
CRAVING_ASSISTANT,i am literally shaking i need a french fry immediately,Dramatic urgent
CRAVING_ASSISTANT,how do i convince my brain that water is actually liquid chocolate,Jedi mind trick
CRAVING_ASSISTANT,i want to eat drywall why am i like this,Pica joke
CRAVING_ASSISTANT,want sugar.,Short
CRAVING_ASSISTANT,craving pizza.,Short
CRAVING_ASSISTANT,help hungry.,Short lazy
CRAVING_ASSISTANT,stop cravings.,Short command
CRAVING_ASSISTANT,need chips rn.,Short urgent
CRAVING_ASSISTANT,okay so its that time of the month and i literally cannot stop thinking about brownies and if i dont get a brownie in the next five minutes i am going to have a meltdown please tell me what to do,Long emotional
CRAVING_ASSISTANT,i walked past a cinnabon like three hours ago and the smell is still haunting my brain and i have a strict no sugar rule today how do i exorcise this demon from my head,Long specific
CRAVING_ASSISTANT,i am trying so hard to be good but my coworkers brought in donuts and they are sitting right next to my desk and staring at me what is the psychological trick to ignore them,Long environmental
CRAVING_ASSISTANT,so i ate my healthy dinner but my stomach is like an endless void and it specifically wants something deep fried and covered in cheese what healthy thing mimics that exact feeling,Long descriptive
CRAVING_ASSISTANT,why do i suddenly have the urge to eat a whole jar of pickles at 3 in the morning is there something wrong with my vitamin levels or am i just weird,Long medical
CRAVING_ASSISTANT,why cant i just eat what i want this diet is ruining my life,Angry frustrated
CRAVING_ASSISTANT,stop telling me to drink water i want a damn cookie,Angry defensive
CRAVING_ASSISTANT,i hate everything right now just give me a healthy chocolate hack,Angry command
CRAVING_ASSISTANT,this craving is driving me insane make it stop,Frustrated emotional
CRAVING_ASSISTANT,im so mad that broccoli doesnt taste like french fries ugh,Frustrated childish
CRAVING_ASSISTANT,🤤🍩 help me,Emoji based
CRAVING_ASSISTANT,🛑 🍕 urges pls,Emoji based
CRAVING_ASSISTANT,🧠 says 🥗 but 👅 wants 🍔,Emoji based
CRAVING_ASSISTANT,i have a massive craving for sour gummy worms specifically,Highly specific
CRAVING_ASSISTANT,what causes cravings for red meat specifically around 4pm,Timing specific
CRAVING_ASSISTANT,is my craving for ice a sign of iron deficiency,Medical check
CRAVING_ASSISTANT,how to handle cravings when doing a 72 hour fast,Extreme context
CRAVING_ASSISTANT,im pregnant and craving chalk is that normal,Condition specific
CRAVING_ASSISTANT,what acupressure point stops sugar cravings,Alternative medicine
CRAVING_ASSISTANT,im craving umami flavors what is a healthy fix,Taste profile
CRAVING_ASSISTANT,how to delay a craving using the 15 minute rule,Psychological technique
CRAVING_ASSISTANT,is there a supplement that kills carb cravings,Supplement query
CRAVING_ASSISTANT,my adhd makes me crave dopamine foods how do i stop,Neurodivergent context
CRAVING_ASSISTANT,im craving something crunchy to relieve jaw tension,Physical symptom
CRAVING_ASSISTANT,what breathing exercise stops binge urges,Somatic technique
CRAVING_ASSISTANT,im craving liquid smoke what does that even mean,Weird specific
CRAVING_ASSISTANT,how to beat pms cravings without ruining my macros,Hormonal context
CRAVING_ASSISTANT,is smelling vanilla extract actually effective for chocolate cravings,Sensory hack
CRAVING_ASSISTANT,im craving a food that doesnt exist anymore help,Nostalgia frustration
CRAVING_ASSISTANT,how to handle cravings at an all you can eat buffet,Environmental challenge
CRAVING_ASSISTANT,im craving dirt but like rich potting soil,Pica query
CRAVING_ASSISTANT,what to do when you crave the feeling of being full not the food itself,Psychological query
CRAVING_ASSISTANT,im craving a specific brand of discontinued 90s cereal,Hyper specific past
CRAVING_ASSISTANT,im craving world domination what do i eat for that,Villain troll
CRAVING_ASSISTANT,what do i do if i crave the flesh of my enemies,Edgy troll
CRAVING_ASSISTANT,how to stop craving attention and crave vegetables instead,Therapy troll
CRAVING_ASSISTANT,i want to eat a cloud is there a substitute,Poetic troll
CRAVING_ASSISTANT,talk me out of eating my own words,Idiom troll
CRAVING_ASSISTANT,im craving the 1800s what is a safe alternative,Historical troll
CRAVING_ASSISTANT,how to stop craving drama and just eat a salad,Social troll
CRAVING_ASSISTANT,what do i eat when i crave revenge,Emotional troll
CRAVING_ASSISTANT,im craving an argument give me a controversial food take,Debate troll
CRAVING_ASSISTANT,talk me out of eating the rich,Political troll
CRAVING_ASSISTANT,i want to consume the concept of time,Abstract troll
CRAVING_ASSISTANT,how do i stop craving forbidden knowledge,Eldritch troll
CRAVING_ASSISTANT,im craving a 5 star review on yelp,Business troll
CRAVING_ASSISTANT,what to eat when you crave the void,Nihilist troll
CRAVING_ASSISTANT,talk me out of eating my math homework,Childish troll
PROFILE_RETRIEVER,what are my current dietary preferences,Normal polite request
PROFILE_RETRIEVER,show me my profile details,Normal request
PROFILE_RETRIEVER,what is my profile,Normal request
PROFILE_RETRIEVER,show my profile,Normal request
PROFILE_RETRIEVER,can i know about my profile,Normal polite request
PROFILE_RETRIEVER,what is my recorded weight,Normal specific
PROFILE_RETRIEVER,do i have any allergies listed,Normal query
PROFILE_RETRIEVER,what are my fitness goals set to,Normal request
PROFILE_RETRIEVER,can you tell me my height and age from my profile,Normal compound
PROFILE_RETRIEVER,what diet plan am i currently following,Normal specific
PROFILE_RETRIEVER,show me my personal info,Normal broad
PROFILE_RETRIEVER,did you save that i am lactose intolerant,Normal check
PROFILE_RETRIEVER,what is my target calorie intake,Normal target check
PROFILE_RETRIEVER,bring up my user settings,Normal request
PROFILE_RETRIEVER,what did i say my activity level was,Normal context
PROFILE_RETRIEVER,show my medical conditions on file,Normal medical
PROFILE_RETRIEVER,what is my target weight,Normal goal check
PROFILE_RETRIEVER,read back my profile summary to me,Normal command
PROFILE_RETRIEVER,what are my stats bro,Slang casual
PROFILE_RETRIEVER,pull up my specs,Slang technical
PROFILE_RETRIEVER,what kind of diet am i rocking rn,Slang Gen Z
PROFILE_RETRIEVER,show me the player profile,Slang gaming
PROFILE_RETRIEVER,what do you know about me,Slang slightly paranoid
PROFILE_RETRIEVER,gimme my deets,Slang short
PROFILE_RETRIEVER,what are my macros looking like on my account,Slang fitness
PROFILE_RETRIEVER,check my vibes what is my profile,Slang abstract
PROFILE_RETRIEVER,run back my health stats,Slang music
PROFILE_RETRIEVER,drop my profile info,Slang command
PROFILE_RETRIEVER,wat is my curent wheight,Typo text speak
PROFILE_RETRIEVER,show proffile,Typo
PROFILE_RETRIEVER,do i hav alergies,Typo
PROFILE_RETRIEVER,what is my heigt,Typo
PROFILE_RETRIEVER,wat diet am i on,Typo
PROFILE_RETRIEVER,shw my setings,Typo
PROFILE_RETRIEVER,did u save my intollerance,Typo
PROFILE_RETRIEVER,target calores?,Typo
PROFILE_RETRIEVER,what is my age agan,Typo
PROFILE_RETRIEVER,pull up my user inffo,Typo
PROFILE_RETRIEVER,who am i according to the machine,Philosophical troll
PROFILE_RETRIEVER,what dark secrets do you hold about my diet,Dramatic troll
PROFILE_RETRIEVER,read my mind and tell me my weight,Sarcastic
PROFILE_RETRIEVER,do you think i am tall based on my profile,Insecure query
PROFILE_RETRIEVER,what is my astrological sign just kidding show my height,Mischievous
PROFILE_RETRIEVER,am i real or just a collection of dietary preferences,Existential troll
PROFILE_RETRIEVER,what does the database say about my terrible habits,Self deprecating
PROFILE_RETRIEVER,show me the lies i told you about my activity level,Honest troll
PROFILE_RETRIEVER,according to you how close am i to being a greek god,Ego troll
PROFILE_RETRIEVER,if i was a sandwich what would my profile say i am,Absurd
PROFILE_RETRIEVER,my profile.,Short
PROFILE_RETRIEVER,stats?,Short
PROFILE_RETRIEVER,show weight.,Short command
PROFILE_RETRIEVER,who am i.,Short philosophical
PROFILE_RETRIEVER,get settings.,Short command
PROFILE_RETRIEVER,i cant remember if i told you that i stopped being vegan three months ago or if you still think i only eat plants can you please check my profile and read me my exact dietary restrictions,Long specific
PROFILE_RETRIEVER,my doctor just asked me exactly how much weight i have lost since january and i forgot my starting weight so i need you to dig into my profile and tell me all my stats right now,Long contextual
PROFILE_RETRIEVER,i am trying to sync this app with my other fitness tracker and i need to make sure all the data matches perfectly so please list every single piece of information you have stored about my body,Long technical
PROFILE_RETRIEVER,okay so my friend says you give better meal plans than her app but i think its because my profile is super detailed can you read back everything you know about my goals and allergies to prove it,Long conversational
PROFILE_RETRIEVER,i feel like the meals you have been giving me lately are totally ignoring my peanut allergy did you somehow delete it from my profile please verify this immediately,Long paranoid
PROFILE_RETRIEVER,why do you keep giving me meat check my profile im vegan ugh,Angry contextual
PROFILE_RETRIEVER,what is wrong with my settings show them to me now,Angry impatient
PROFILE_RETRIEVER,i bet you lost all my data show my profile,Angry accusatory
PROFILE_RETRIEVER,just tell me my weight i dont want to navigate menus,Frustrated lazy
PROFILE_RETRIEVER,this is ridiculous what are my goals set to,Frustrated general
PROFILE_RETRIEVER,👤 ℹ️ ?,Emoji based
PROFILE_RETRIEVER,⚖️ check pls,Emoji based
PROFILE_RETRIEVER,👀 my 🎯,Emoji based
PROFILE_RETRIEVER,what is my exact basal metabolic rate on file,Highly specific
PROFILE_RETRIEVER,do you have my blood type recorded,Medical specific
PROFILE_RETRIEVER,what did i list as my primary and secondary fitness goals,Goal specific
PROFILE_RETRIEVER,is my profile set to male female or non binary,Demographic check
PROFILE_RETRIEVER,what is the timestamp of my last profile update,Metadata query
PROFILE_RETRIEVER,did i mark myself as sedentary or lightly active,Activity check
PROFILE_RETRIEVER,show me my body fat percentage history from my profile,History check
PROFILE_RETRIEVER,what is the macro split ratio saved to my account,Dietary specific
PROFILE_RETRIEVER,do you have my waist circumference on file,Measurement specific
PROFILE_RETRIEVER,is my profile set to intermittent fasting 16:8 or 14:10,Fasting check
PROFILE_RETRIEVER,what is my resting heart rate baseline,Vital check
PROFILE_RETRIEVER,do you have my religious dietary restrictions noted,Constraint check
PROFILE_RETRIEVER,what is the emergency contact on my health profile,Safety check
PROFILE_RETRIEVER,show my vitamin deficiencies listed,Condition check
PROFILE_RETRIEVER,what is my water intake goal for the day,Hydration check
PROFILE_RETRIEVER,do you know my deepest fears,Edgy troll
PROFILE_RETRIEVER,what is my midichlorian count,Sci fi troll
PROFILE_RETRIEVER,does my profile say im a good boy,Weird pet troll
PROFILE_RETRIEVER,what is my power level is it over 9000,Anime troll
PROFILE_RETRIEVER,according to my profile am i worthy of lifting the hammer,Superhero troll
PROFILE_RETRIEVER,do you have my alignment listed as chaotic neutral,RPG troll
PROFILE_RETRIEVER,what is my criminal record,Illegal troll
PROFILE_RETRIEVER,does my profile indicate that i am a vampire,Halloween troll
PROFILE_RETRIEVER,what is my favorite color according to the algorithm,AI troll
PROFILE_RETRIEVER,show me my profile from the multiverse where i am fit,Multiverse troll
PROFILE_RETRIEVER,does my profile say i am the chosen one,Fantasy troll
PROFILE_RETRIEVER,what is my credit score,Irrelevant troll
PROFILE_RETRIEVER,show me the exact moment i gave up on my diet in my profile,Sad troll
PROFILE_RETRIEVER,does my profile state that i am legally a toaster,Absurd troll
PROFILE_RETRIEVER,what is my lifespan according to your data,Ominous troll
PROFILE_UPDATER,update my weight to 75kg,Normal polite command
PROFILE_UPDATER,i am now allergic to peanuts add that,Normal constraint update
PROFILE_UPDATER,change my goal to muscle gain,Normal goal update
PROFILE_UPDATER,i want to switch my diet to keto,Normal diet update
PROFILE_UPDATER,set my height to 5 foot 10,Normal physical update
PROFILE_UPDATER,update my age to 30,Normal demographic update
PROFILE_UPDATER,remove the dairy allergy from my profile,Normal removal
PROFILE_UPDATER,change my activity level to very active,Normal activity update
PROFILE_UPDATER,i lost 5 pounds update my current weight,Normal progress update
PROFILE_UPDATER,set my target weight to 140 lbs,Normal target update
PROFILE_UPDATER,add hypertension to my medical conditions,Normal medical update
PROFILE_UPDATER,change my gender to female,Normal demographic update
PROFILE_UPDATER,i am no longer doing intermittent fasting,Normal constraint removal
PROFILE_UPDATER,update my profile i am a pescatarian now,Normal diet update
PROFILE_UPDATER,set my calorie goal to 2000 a day,Normal macro update
PROFILE_UPDATER,bro i leveled up im 25 today change it,Slang demographic
PROFILE_UPDATER,i dropped to 180 lbs update the stats,Slang fitness
PROFILE_UPDATER,put me on that vegan grind in my settings,Slang lifestyle
PROFILE_UPDATER,make my goal to get absolutely shredded,Slang goal
PROFILE_UPDATER,add gluten to my enemy list im celiac now,Slang medical
PROFILE_UPDATER,tweak my height im actually 6'1,Slang physical
PROFILE_UPDATER,im officially off the keto wagon fix my profile,Slang dietary
PROFILE_UPDATER,bump my daily cals up to 3000,Slang macro
PROFILE_UPDATER,im hitting the gym hard now change me to active,Slang activity
PROFILE_UPDATER,wipe my allergies clean i got cured,Slang medical
PROFILE_UPDATER,updat my wheight to 70kg,Typo text speak
PROFILE_UPDATER,im alergc to nuts now add it,Typo
PROFILE_UPDATER,chnage goal to muscl,Typo
PROFILE_UPDATER,swtch diet to keeto,Typo
PROFILE_UPDATER,set hight to 180cm,Typo
PROFILE_UPDATER,updte age 2 30,Typo
PROFILE_UPDATER,remve dairy alergy,Typo
PROFILE_UPDATER,chaneg activity to hihg,Typo
PROFILE_UPDATER,targt weight is 65,Typo
PROFILE_UPDATER,add diabets to profile,Typo medical
PROFILE_UPDATER,update my profile to say i am a beautiful butterfly,Absurd troll
PROFILE_UPDATER,i have ascended past the need for food change my diet to sunlight,Spiritual troll
PROFILE_UPDATER,add 'heartbreak' to my medical conditions,Emotional troll
PROFILE_UPDATER,change my age to immortal,Fantasy troll
PROFILE_UPDATER,set my weight to none of your business,Defensive troll
PROFILE_UPDATER,update my goal to 'surviving the week',Depressed troll
PROFILE_UPDATER,add 'hates cilantro' as a deadly allergy,Dramatic preference
PROFILE_UPDATER,change my activity level to 'couch potato champion',Self deprecating
PROFILE_UPDATER,set my target weight to exactly the weight of a baby elephant,Absurd scale
PROFILE_UPDATER,update my gender to 'exhausted',Mood troll
PROFILE_UPDATER,new weight 80.,Short
PROFILE_UPDATER,add vegan.,Short
PROFILE_UPDATER,goal lose weight.,Short command
PROFILE_UPDATER,set age 22.,Short
PROFILE_UPDATER,remove peanut allergy.,Short command
PROFILE_UPDATER,so i just went to the doctor and turns out i am not allergic to shellfish after all but i did gain like 12 pounds over the holidays so please update my allergies and my weight to 195 lbs,Long mixed update
PROFILE_UPDATER,i decided i am going to run a marathon next year so i need you to change my activity level to extremely active and switch my primary goal from weight loss to endurance training immediately,Long goal shift
PROFILE_UPDATER,i am officially giving up on the keto diet because i miss bread too much so remove that from my preferences and also add that i am lactose intolerant because ice cream hates me,Long lifestyle change
PROFILE_UPDATER,my birthday was yesterday and i am officially 40 years old and my metabolism has slowed down so change my age and drop my daily calorie target by 200 calories please,Long age/macro update
PROFILE_UPDATER,i bought a new scale today and it says i am 5 pounds heavier than the old one so i guess update my current weight to 160 but honestly i think the scale is broken,Long skeptical
PROFILE_UPDATER,why didnt you save my weight last time i said update it to 150 do it now,Angry command
PROFILE_UPDATER,im not vegan anymore stop giving me tofu update it,Angry dietary
PROFILE_UPDATER,this app is so annoying change my goal to maintenance,Frustrated command
PROFILE_UPDATER,i told you i have a soy allergy add it right now ugh,Angry medical
PROFILE_UPDATER,fix my height you have me down as way too short,Frustrated defensive
PROFILE_UPDATER,📈 weight 180lbs,Emoji based
PROFILE_UPDATER,❌ 🥛 allergy pls,Emoji based
PROFILE_UPDATER,🎯 ➡️ 💪 gain,Emoji based
PROFILE_UPDATER,update my body fat percentage from 22% to 19.5%,Highly specific physical
PROFILE_UPDATER,change my macro split to 50% protein 30% carbs 20% fat,Specific macro
PROFILE_UPDATER,add hashimoto's thyroiditis to my medical profile,Specific medical
PROFILE_UPDATER,set my fasting window from 8pm to 12pm,Specific timing
PROFILE_UPDATER,update my waist measurement to 32 inches,Measurement update
PROFILE_UPDATER,change my preferred unit of measurement from imperial to metric,Settings update
PROFILE_UPDATER,add nightshade vegetables to my intolerance list,Specific intolerance
PROFILE_UPDATER,update my bmr to 1850 based on my new test,Specific metabolic
PROFILE_UPDATER,set my religious diet to halal,Specific religious constraint
PROFILE_UPDATER,change my secondary goal to improving cardiovascular health,Secondary goal
PROFILE_UPDATER,add a water goal of 120 ounces per day,Specific hydration
PROFILE_UPDATER,update my sleep average to 6 hours a night,Lifestyle specific
PROFILE_UPDATER,set my step goal to 12500 steps,Activity specific
PROFILE_UPDATER,add a restriction for high fodmap foods,Clinical diet
PROFILE_UPDATER,change my profile language to spanish,Interface update
PROFILE_UPDATER,update my species to extraterrestrial,Alien troll
PROFILE_UPDATER,change my profile picture to a piece of cheese,Visual troll
PROFILE_UPDATER,set my goal to becoming the president of the moon,Unrealistic troll
PROFILE_UPDATER,add 'bad at math' to my allergies,Concept troll
PROFILE_UPDATER,update my weight to a conceptual heavy burden,Poetic troll
PROFILE_UPDATER,change my activity level to 'running from my problems',Emotional troll
PROFILE_UPDATER,set my target age to 12,Time travel troll
PROFILE_UPDATER,add 'kryptonite' to my avoided foods list,Superhero troll
PROFILE_UPDATER,update my profile to self destruct in 5 seconds,Spy troll
PROFILE_UPDATER,change my diet to 'eating my words',Idiom troll
PROFILE_UPDATER,set my relationship status with food to 'it's complicated',Social troll
PROFILE_UPDATER,add 'ghost' to my current medical conditions,Paranormal troll
PROFILE_UPDATER,update my height to taller than my enemies,Spiteful troll
PROFILE_UPDATER,change my goal to absolutely nothing i give up,Nihilist troll
PROFILE_UPDATER,set my profile to wumbo,Spongebob troll
DISEASE_ADVISOR,what should i eat to manage my type 2 diabetes,Normal polite request
DISEASE_ADVISOR,give me a list of foods to avoid for high blood pressure,Normal request
DISEASE_ADVISOR,im diagnosed with celiac disease what is safe to eat,Normal constraint
DISEASE_ADVISOR,what is a good diet for someone with gout,Normal condition query
DISEASE_ADVISOR,help me plan meals for my kidney disease,Normal assistance request
DISEASE_ADVISOR,what should i eat to lower my cholesterol naturally,Normal health goal
DISEASE_ADVISOR,i have ibs what are some trigger foods,Normal medical query
DISEASE_ADVISOR,give me a meal plan for hashimotos thyroiditis,Normal specific
DISEASE_ADVISOR,what are the best foods for acid reflux,Normal symptom management
DISEASE_ADVISOR,how to eat for pcos weight loss,Normal condition
DISEASE_ADVISOR,i have fatty liver disease what should my diet look like,Normal medical request
DISEASE_ADVISOR,what to eat during a crohns flare up,Normal acute symptom
DISEASE_ADVISOR,give me anti inflammatory foods for rheumatoid arthritis,Normal dietary request
DISEASE_ADVISOR,what is the dash diet for hypertension,Normal diet query
DISEASE_ADVISOR,how should i eat to manage endometriosis symptoms,Normal condition
DISEASE_ADVISOR,bro my gout is flaring up what do i avoid,Slang urgent
DISEASE_ADVISOR,doc says my blood pressure is tweaking what do i eat,Slang medical
DISEASE_ADVISOR,ibs is killing my vibe today help me out,Slang casual
DISEASE_ADVISOR,need that low cholesterol grind set,Slang fitness
DISEASE_ADVISOR,my blood sugar is acting sus what should i snack on,Slang Gen Z
DISEASE_ADVISOR,hit me with those diabetes friendly meals,Slang command
DISEASE_ADVISOR,acid reflux got me messed up rn food ideas?,Slang urgent
DISEASE_ADVISOR,trying to beat this fatty liver drop the diet plan,Slang goal
DISEASE_ADVISOR,celiac gang what are we eating today,Slang community
DISEASE_ADVISOR,hook me up with an arthritis diet,Slang casual
DISEASE_ADVISOR,wht to eat for diabets,Typo text speak
DISEASE_ADVISOR,food to avod for hihg blud presure,Typo
DISEASE_ADVISOR,ibs trigers pls,Typo
DISEASE_ADVISOR,gout deit help,Typo
DISEASE_ADVISOR,celic diseas safe foods,Typo
DISEASE_ADVISOR,cholsterol lowering meels,Typo
DISEASE_ADVISOR,acdd reflux remedy,Typo
DISEASE_ADVISOR,pcos weght loss diet,Typo
DISEASE_ADVISOR,kindey disease food list,Typo
DISEASE_ADVISOR,crohms disease flare up,Typo
DISEASE_ADVISOR,what should i eat to cure a broken heart,Emotional troll
DISEASE_ADVISOR,is there a diet plan for chronic stupidity,Insult troll
DISEASE_ADVISOR,what do i feed someone who has the bubonic plague,Historical troll
DISEASE_ADVISOR,help i caught feelings what is the dietary cure,Meme troll
DISEASE_ADVISOR,what to eat if i am allergic to my boss,Social troll
DISEASE_ADVISOR,is there a diet that cures ugly,Self deprecating troll
DISEASE_ADVISOR,foods to manage spontaneous combustion syndrome,Absurd medical
DISEASE_ADVISOR,what should i eat to prevent scurvy on my pirate ship,Thematic troll
DISEASE_ADVISOR,give me a meal plan for vampire bites,Halloween troll
DISEASE_ADVISOR,what to eat to survive a zombie infection,Sci fi troll
DISEASE_ADVISOR,diabetes food.,Short
DISEASE_ADVISOR,gout diet.,Short
DISEASE_ADVISOR,high bp list.,Short command
DISEASE_ADVISOR,help ibs.,Short urgent
DISEASE_ADVISOR,pcos meals go.,Short command
DISEASE_ADVISOR,i just got diagnosed with prediabetes and high cholesterol and my doctor told me to change my diet but gave me zero information and i am panicking what do i do,Long panicked
DISEASE_ADVISOR,so my mom has osteoporosis and i want to make sure she is getting enough calcium but she is also lactose intolerant and hates leafy greens how do i feed her,Long constraint
DISEASE_ADVISOR,i read online that you can cure autoimmune diseases by only eating raw meat and avoiding all vegetables is this true or is the internet lying to me again,Long skeptical
DISEASE_ADVISOR,i have severe gastroparesis and can only digest liquids right now but i am so bored of smoothies please give me savory options that wont put me in the hospital,Long medical
DISEASE_ADVISOR,i am trying to follow the low fodmap diet for my ibs but it is so confusing and i dont know if i can eat garlic or not please just explain it to me simply,Long frustrated
DISEASE_ADVISOR,stop telling me to eat kale for my blood pressure i hate it,Angry defensive
DISEASE_ADVISOR,this diabetic diet is ruining my life just let me eat sugar,Frustrated emotional
DISEASE_ADVISOR,i dont care about the science just tell me if i can eat bread with celiac,Angry impatient
DISEASE_ADVISOR,why is every gout friendly recipe so bland fix it,Angry command
DISEASE_ADVISOR,my stomach hurts again your ibs advice sucks,Angry accusatory
DISEASE_ADVISOR,🩸🍬⬆️ diet?,Emoji based
DISEASE_ADVISOR,🤢 stomach foods pls,Emoji based
DISEASE_ADVISOR,🦴🥛 osteoporosis help,Emoji based
DISEASE_ADVISOR,what is the recommended daily sodium intake for severe heart failure,Highly specific medical
DISEASE_ADVISOR,give me low purine foods that are also vegetarian for my gout,Dual constraint
DISEASE_ADVISOR,how many grams of soluble fiber should i eat for hyperlipidemia,Granular macro
DISEASE_ADVISOR,what are the guidelines for fluid restriction in stage 4 ckd,Stage specific disease
DISEASE_ADVISOR,is monk fruit sweetener safe for type 1 diabetics,Specific ingredient
DISEASE_ADVISOR,what is the protocol for gluten cross contamination for celiacs,Technical safety
DISEASE_ADVISOR,how to balance omega 3 to omega 6 ratios for inflammation,Scientific approach
DISEASE_ADVISOR,what specific strains of probiotics help with ulcerative colitis,Microbiome specific
DISEASE_ADVISOR,can i eat nightshades if i have an autoimmune protocol diet,Protocol specific
DISEASE_ADVISOR,what is the glycemic load limit for insulin resistance,Endocrinology specific
DISEASE_ADVISOR,give me foods rich in iodine for hypothyroidism,Micronutrient focus
DISEASE_ADVISOR,what are goitrogenic foods and should i avoid them,Medical terminology
DISEASE_ADVISOR,how to manage dumping syndrome post bariatric surgery,Post op specific
DISEASE_ADVISOR,what is the role of mct oil in alzheimers dietary management,Neurological diet
DISEASE_ADVISOR,give me a histamine restricted diet for mcas,Rare disease focus
DISEASE_ADVISOR,what to eat if i am turning into a werewolf,Monster troll
DISEASE_ADVISOR,diet plan for severe cases of monday morning blues,Corporate troll
DISEASE_ADVISOR,how to eat to manage my god complex,Ego troll
DISEASE_ADVISOR,foods to cure main character syndrome,Internet troll
DISEASE_ADVISOR,what is the best diet for an existential crisis,Philosophy troll
DISEASE_ADVISOR,help my wallet is suffering from severe emptiness what do i eat,Financial troll
DISEASE_ADVISOR,what to eat to cure the common cold instantly,Impossible request
DISEASE_ADVISOR,is there a diet that prevents me from texting my ex,Behavioral troll
DISEASE_ADVISOR,how to manage a severe allergy to doing my chores,Lazy troll
DISEASE_ADVISOR,foods to avoid when you have a terrible personality,Insult troll
DISEASE_ADVISOR,what should i eat to recover from a psychic attack,Paranormal troll
DISEASE_ADVISOR,diet for someone suffering from extreme laziness,Lifestyle troll
DISEASE_ADVISOR,what to eat when you are diagnosed with being too cool,Ego troll
DISEASE_ADVISOR,foods to manage the symptoms of being a middle child,Family troll
DISEASE_ADVISOR,how to eat for a chronic case of the giggles,Silly troll
VITAL_ADVISOR,my blood pressure is 120 over 80 today,Normal polite log
VITAL_ADVISOR,log my resting heart rate at 65 bpm,Normal request
VITAL_ADVISOR,fasting blood sugar is 95 mg/dl this morning,Normal log
VITAL_ADVISOR,my temperature is 98.6 degrees fahrenheit,Normal vital log
VITAL_ADVISOR,record my oxygen saturation at 99 percent,Normal specific log
VITAL_ADVISOR,my bp dropped to 110 over 70,Normal progress
VITAL_ADVISOR,heart rate spiked to 120 during my workout,Normal context log
VITAL_ADVISOR,blood glucose is 105 after eating lunch,Normal postprandial
VITAL_ADVISOR,save my morning blood pressure reading 115/75,Normal command
VITAL_ADVISOR,my respiratory rate is 16 breaths per minute,Normal niche vital
VITAL_ADVISOR,log my fever it is 101.2 right now,Normal symptom log
VITAL_ADVISOR,post workout hr is 140,Normal context
VITAL_ADVISOR,blood pressure is a little high 135 over 85,Normal assessment log
VITAL_ADVISOR,sugar levels are stable at 90,Normal statement
VITAL_ADVISOR,record a low resting heart rate of 55,Normal request
VITAL_ADVISOR,bp is tweaking today 140/90 bro,Slang medical
VITAL_ADVISOR,resting hr is 60 we chilling,Slang relaxed
VITAL_ADVISOR,sugar is acting sus it hit 120,Slang Gen Z
VITAL_ADVISOR,blood pressure looking fire 115/75,Slang positive
VITAL_ADVISOR,heart rate went crazy 160 bpm,Slang hype
VITAL_ADVISOR,log the vitals bp 120/80,Slang command
VITAL_ADVISOR,my temp is hot literally 100 degrees,Slang literal
VITAL_ADVISOR,oxygen levels maxed out at 100 percent,Slang gaming
VITAL_ADVISOR,blood sugar crashed hard 70 mgdl,Slang negative
VITAL_ADVISOR,hr is pumping 110 bpm,Slang casual
VITAL_ADVISOR,blod presure 120/80,Typo text speak
VITAL_ADVISOR,hert rate is 70 bpm,Typo
VITAL_ADVISOR,fastng suger 90,Typo
VITAL_ADVISOR,temperchure 98.6,Typo
VITAL_ADVISOR,oxygen sat is 98 precent,Typo
VITAL_ADVISOR,bp runing hgh 140/90,Typo
VITAL_ADVISOR,my hr is 65,Typo
VITAL_ADVISOR,blud sugar 110,Typo
VITAL_ADVISOR,log my vitls pls,Typo
VITAL_ADVISOR,temperture 99,Typo
VITAL_ADVISOR,my heart is beating out of my chest log 1000 bpm,Hyperbolic troll
VITAL_ADVISOR,blood pressure is over 9000,Anime meme troll
VITAL_ADVISOR,log my body temperature as absolute zero,Physics troll
VITAL_ADVISOR,my blood sugar is literally pure maple syrup,Absurd medical
VITAL_ADVISOR,record my heart rate as dead,Edgy troll
VITAL_ADVISOR,my blood pressure is 10/10 would not recommend,Review troll
VITAL_ADVISOR,oxygen levels are at zero i am breathing water,Mermaid troll
VITAL_ADVISOR,log my pulse it sounds like a techno beat,Music troll
VITAL_ADVISOR,my temperature is so hot i am basically the sun,Ego troll
VITAL_ADVISOR,record my respiratory rate as breathing heavy over my food,Creepy joke
VITAL_ADVISOR,bp 110/70.,Short
VITAL_ADVISOR,sugar 90.,Short
VITAL_ADVISOR,hr 65.,Short
VITAL_ADVISOR,temp 98.,Short
VITAL_ADVISOR,log bp.,Short command
VITAL_ADVISOR,i took my blood pressure three times and the first was 130/85 then 125/80 then 120/78 which one do i log i am so confused,Long panicked
VITAL_ADVISOR,i just ate a huge slice of chocolate cake and checked my blood sugar and it is 160 is this normal or am i dying please log it and tell me,Long anxious
VITAL_ADVISOR,my smart watch says my resting heart rate has been dropping by 1 bpm every day for a week and now it is 52 should i be worried or am i just an athlete now,Long humble brag
VITAL_ADVISOR,i feel super hot but the thermometer says my temperature is 97.5 i think the battery is dying but log 97.5 anyway just in case,Long tech issue
VITAL_ADVISOR,my doctor told me to measure my blood pressure on my left arm while sitting down after resting for 5 minutes and it came out to 118/76 so please record that exactly,Long compliant
VITAL_ADVISOR,this stupid cuff says my bp is high again 145/90 it must be broken,Angry defensive
VITAL_ADVISOR,stop alerting me about my blood sugar it is 110 i know,Angry dismissive
VITAL_ADVISOR,why does my heart rate go up when i stand ugh log 90 bpm,Frustrated complaint
VITAL_ADVISOR,i hate tracking this just put down 120/80 and leave me alone,Angry lazy
VITAL_ADVISOR,this thermometer takes forever log 99 and be done with it,Impatient command
VITAL_ADVISOR,🩸💊 120/80,Emoji based
VITAL_ADVISOR,❤️ 70bpm,Emoji based
VITAL_ADVISOR,🌡️ 98.6 today,Emoji based
VITAL_ADVISOR,fasting blood glucose is exactly 4.5 mmol/l,Specific metric unit
VITAL_ADVISOR,diastolic pressure dropped to 65 while systolic remained at 120,Granular bp log
VITAL_ADVISOR,spo2 is 98% on room air,Clinical specific
VITAL_ADVISOR,my hrv is 45 ms tonight,Advanced metric
VITAL_ADVISOR,log my capillary blood glucose as 5.2 mmol/l,Specific measurement type
VITAL_ADVISOR,basal body temperature is 97.2 upon waking,Fertility specific
VITAL_ADVISOR,my map mean arterial pressure is 90,Advanced medical calculation
VITAL_ADVISOR,log a peak expiratory flow of 450 l/min,Asthma specific
VITAL_ADVISOR,my pulse pressure is 40 today,Specific calculated metric
VITAL_ADVISOR,record my orthostatic heart rate change from 60 to 85,Condition specific
VITAL_ADVISOR,postprandial glucose at 2 hours is 110 mg/dl,Timing specific
VITAL_ADVISOR,my tympanic temperature is 37.1 celsius,Method specific
VITAL_ADVISOR,log my resting breathing rate at 12 breaths per min,Granular vital
VITAL_ADVISOR,my left arm bp is 122/80 and right arm is 118/78,Detailed bilateral
VITAL_ADVISOR,record an irregular pulse rhythm at 80 bpm,Symptom specific
VITAL_ADVISOR,log my vital signs as completely immaculate,Ego troll
VITAL_ADVISOR,my blood pressure is 404 not found,Tech troll
VITAL_ADVISOR,heart rate is currently running away from my responsibilities,Emotional troll
VITAL_ADVISOR,log my temperature as ice cold like my heart,Edgy troll
VITAL_ADVISOR,my blood sugar is exactly the price of a gallon of gas,Economic troll
VITAL_ADVISOR,record my oxygen as taking my breath away,Romantic troll
VITAL_ADVISOR,pulse is currently vibing at a cool 60,Casual troll
VITAL_ADVISOR,log my blood pressure as rising every time i check my bank account,Relatable troll
VITAL_ADVISOR,my temperature is boiling with rage,Angry troll
VITAL_ADVISOR,heart rate is 0 i am a ghost boo,Halloween troll
VITAL_ADVISOR,record my respiratory rate as panting like a dog,Weird troll
VITAL_ADVISOR,my blood sugar is so high i can taste colors,Synesthesia troll
VITAL_ADVISOR,log my vitals as classified government information,Paranoid troll
VITAL_ADVISOR,bp is 120 over i dont care anymore,Apathetic troll
VITAL_ADVISOR,oxygen saturation is 100% pure motivation,Hustle culture troll
BLOOD_REPORT_ANALYZER,can you analyze my lipid panel report,Normal polite request
BLOOD_REPORT_ANALYZER,read this cbc report i just uploaded,Normal request
BLOOD_REPORT_ANALYZER,what does a high ldl cholesterol mean on this test,Normal query
BLOOD_REPORT_ANALYZER,i got my thyroid test back analyze the tsh levels,Normal specific
BLOOD_REPORT_ANALYZER,look at my metabolic panel and tell me if im okay,Normal general
BLOOD_REPORT_ANALYZER,analyze my iron and ferritin levels from this pdf,Normal specific
BLOOD_REPORT_ANALYZER,what does low white blood cell count indicate here,Normal symptom check
BLOOD_REPORT_ANALYZER,read my hemoglobin a1c results,Normal request
BLOOD_REPORT_ANALYZER,analyze this blood work image i attached,Normal action
BLOOD_REPORT_ANALYZER,break down my liver function test results,Normal request
BLOOD_REPORT_ANALYZER,is my vitamin d level normal in this report,Normal check
BLOOD_REPORT_ANALYZER,explain my bun and creatinine ratio,Normal technical query
BLOOD_REPORT_ANALYZER,what does high potassium mean on my blood test,Normal medical query
BLOOD_REPORT_ANALYZER,analyze my hormone panel results,Normal broad
BLOOD_REPORT_ANALYZER,tell me if my cholesterol is too high based on this,Normal assessment
BLOOD_REPORT_ANALYZER,doc gave me my bloods what do these numbers mean bro,Slang casual
BLOOD_REPORT_ANALYZER,cholesterol looking sketch analyze this,Slang worried
BLOOD_REPORT_ANALYZER,my lipid panel is cracked bro read it,Slang positive/gaming
BLOOD_REPORT_ANALYZER,what are my stats looking like on this blood test,Slang fitness
BLOOD_REPORT_ANALYZER,check my bloodwork am i cooked?,Slang Gen Z
BLOOD_REPORT_ANALYZER,break down these lab receipts,Slang aggressive
BLOOD_REPORT_ANALYZER,is my testosterone level fire or nah,Slang fitness
BLOOD_REPORT_ANALYZER,read the labs im tryna see if im healthy,Slang casual
BLOOD_REPORT_ANALYZER,what does this high wbc mean am i catching a body,Slang weird
BLOOD_REPORT_ANALYZER,analyze the drip in my veins,Slang absurd
BLOOD_REPORT_ANALYZER,anlyze my blood wrok,Typo text speak
BLOOD_REPORT_ANALYZER,lipid panl updaet read it,Typo
BLOOD_REPORT_ANALYZER,wht does hgh wbc mean,Typo
BLOOD_REPORT_ANALYZER,red this cbc reprt,Typo
BLOOD_REPORT_ANALYZER,chlesterol levls check,Typo
BLOOD_REPORT_ANALYZER,anlyze throid test,Typo
BLOOD_REPORT_ANALYZER,is my vitmin d ok,Typo
BLOOD_REPORT_ANALYZER,hemo glbion a1c reslts,Typo
BLOOD_REPORT_ANALYZER,bood report attched,Typo
BLOOD_REPORT_ANALYZER,explin my livr enzymes,Typo
BLOOD_REPORT_ANALYZER,read this blood report from a vampire,Halloween troll
BLOOD_REPORT_ANALYZER,analyze the blood of my enemies is it weak,Edgy troll
BLOOD_REPORT_ANALYZER,is my blood made of pasta according to these labs,Italian troll
BLOOD_REPORT_ANALYZER,what is my midichlorian count on this cbc,Sci fi troll
BLOOD_REPORT_ANALYZER,does this blood test prove i have royal blood,Ego troll
BLOOD_REPORT_ANALYZER,analyze this test and tell me if i am part alien,Paranormal troll
BLOOD_REPORT_ANALYZER,my blood type is coffee read the report,Caffeine troll
BLOOD_REPORT_ANALYZER,does this panel show that i am immune to bad vibes,Gen Z troll
BLOOD_REPORT_ANALYZER,read this report and tell me how much longer i have to work,Corporate troll
BLOOD_REPORT_ANALYZER,is my blood mostly microplastics at this point,Doomer troll
BLOOD_REPORT_ANALYZER,analyze blood.,Short
BLOOD_REPORT_ANALYZER,read cbc.,Short command
BLOOD_REPORT_ANALYZER,lipid test.,Short
BLOOD_REPORT_ANALYZER,thyroid check.,Short
BLOOD_REPORT_ANALYZER,is a1c bad.,Short query
BLOOD_REPORT_ANALYZER,i just uploaded a 5 page pdf of my bloodwork from last tuesday and i need you to tell me why my ferritin is low even though i eat spinach literally every single day,Long specific
BLOOD_REPORT_ANALYZER,my doctor handed me this piece of paper and said my liver enzymes are elevated but didn't explain what that means and now i am spiraling into a panic attack please explain it,Long anxious
BLOOD_REPORT_ANALYZER,i have been doing the keto diet for six months and i finally got my cholesterol checked and i am terrified to look at the results can you analyze it gently and tell me if i ruined my heart,Long emotional
BLOOD_REPORT_ANALYZER,okay so there is a red flag next to my mean corpuscular volume mcv and i googled it and now i think i have a rare disease can you look at the whole cbc and calm me down,Long hypochondriac
BLOOD_REPORT_ANALYZER,i dont trust my doctor because he was rushing so i uploaded my comprehensive metabolic panel here i want a second opinion on my kidney function right now,Long skeptical
BLOOD_REPORT_ANALYZER,i dont understand these stupid lab results just tell me if im dying,Angry dramatic
BLOOD_REPORT_ANALYZER,why is my hdl always low ugh fix it,Frustrated command
BLOOD_REPORT_ANALYZER,stop using big medical words and just tell me if my blood is okay,Angry defensive
BLOOD_REPORT_ANALYZER,this report makes no sense analyze it better,Angry impatient
BLOOD_REPORT_ANALYZER,i hate getting blood drawn just read the dumb results,Frustrated lazy
BLOOD_REPORT_ANALYZER,🩸📄 analyze pls,Emoji based
BLOOD_REPORT_ANALYZER,🩺📉 cholesterol check,Emoji based
BLOOD_REPORT_ANALYZER,💉🔬 read this,Emoji based
BLOOD_REPORT_ANALYZER,analyze my comprehensive metabolic panel specifically the ast and alt ratio,Highly specific medical
BLOOD_REPORT_ANALYZER,what does an egfr of 85 signify on this renal panel,Granular clinical
BLOOD_REPORT_ANALYZER,is my t3 free to reverse t3 ratio optimal,Endocrinology specific
BLOOD_REPORT_ANALYZER,read my hs-crp levels for systemic inflammation,Cardiology specific
BLOOD_REPORT_ANALYZER,analyze the absolute eosinophil count on my differential,Hematology specific
BLOOD_REPORT_ANALYZER,what is the clinical significance of a slightly elevated rdw,Technical query
BLOOD_REPORT_ANALYZER,evaluate my fasting insulin relative to my fasting glucose,Metabolic specific
BLOOD_REPORT_ANALYZER,does this lipid panel show dense or fluffy ldl particles,Advanced lipid query
BLOOD_REPORT_ANALYZER,analyze my homocysteine and mthfr related markers,Genetics adjacent
BLOOD_REPORT_ANALYZER,what does a low anion gap mean on my chem 7,Electrolyte specific
BLOOD_REPORT_ANALYZER,read my total iron binding capacity tibc and saturation,Anemia specific
BLOOD_REPORT_ANALYZER,analyze my shbg and free testosterone levels,Hormone specific
BLOOD_REPORT_ANALYZER,what does a mildly elevated bilirubin indicate here,Liver specific
BLOOD_REPORT_ANALYZER,evaluate my apolipoprotein b to apolipoprotein a1 ratio,Advanced cardiac
BLOOD_REPORT_ANALYZER,check the platelet count and mpv for abnormalities,Clotting specific
BLOOD_REPORT_ANALYZER,does this blood test show i am a good person,Moral troll
BLOOD_REPORT_ANALYZER,analyze my blood for traces of pure genius,Ego troll
BLOOD_REPORT_ANALYZER,read my labs and tell me what my superpower is,Comic troll
BLOOD_REPORT_ANALYZER,is my blood toxic enough to poison a mosquito,Self deprecating troll
BLOOD_REPORT_ANALYZER,does this report mean i can skip leg day,Fitness troll
BLOOD_REPORT_ANALYZER,analyze my blood to see if i am 1% pizza,Dietary troll
BLOOD_REPORT_ANALYZER,read my results and predict my future,Fortune teller troll
BLOOD_REPORT_ANALYZER,what does my blood say about my taste in music,Absurd troll
BLOOD_REPORT_ANALYZER,is my blood too rich for my own good,Pun troll
BLOOD_REPORT_ANALYZER,analyze my labs to see if i am compatible with my cat,Weird troll
BLOOD_REPORT_ANALYZER,does this cbc confirm that i am built different,Meme troll
BLOOD_REPORT_ANALYZER,read my lipid panel is my cholesterol made of diamonds,Bling troll
BLOOD_REPORT_ANALYZER,analyze my blood to find my lost motivation,Depressed troll
BLOOD_REPORT_ANALYZER,does my blood type match my aura,Spiritual troll
BLOOD_REPORT_ANALYZER,read my labs am i legally a zombie yet,Exhausted troll
BLOOD_REPORT_QUERY,what was my cholesterol level in my last test,Normal polite request
BLOOD_REPORT_QUERY,did my iron levels go up since the last blood report,Normal comparison
BLOOD_REPORT_QUERY,show me my white blood cell count from 2023,Normal historical query
BLOOD_REPORT_QUERY,what was my a1c on the test i took in march,Normal specific date
BLOOD_REPORT_QUERY,query my fasting glucose from my previous lab,Normal request
BLOOD_REPORT_QUERY,how low was my vitamin d last winter,Normal seasonal query
BLOOD_REPORT_QUERY,pull up my hemoglobin levels from the last report,Normal specific metric
BLOOD_REPORT_QUERY,what did my liver enzymes look like last time,Normal general metric
BLOOD_REPORT_QUERY,was my testosterone low in my 2022 labs,Normal diagnostic check
BLOOD_REPORT_QUERY,what was the exact ldl number on my last lipid panel,Normal specific number
BLOOD_REPORT_QUERY,query my tsh levels from the endocrinologist report,Normal specific doctor
BLOOD_REPORT_QUERY,did i have high triglycerides last year,Normal condition check
BLOOD_REPORT_QUERY,show me my potassium levels from my last cmp,Normal specific panel
BLOOD_REPORT_QUERY,what was my b12 reading on the last test,Normal vitamin query
BLOOD_REPORT_QUERY,query my c-reactive protein from last month,Normal specific metric
BLOOD_REPORT_QUERY,bro what was my iron level at,Slang casual
BLOOD_REPORT_QUERY,did my cholesterol drop or nah,Slang Gen Z
BLOOD_REPORT_QUERY,pull the receipts on my last blood sugar test,Slang aggressive
BLOOD_REPORT_QUERY,was my test level fire on the last check,Slang fitness
BLOOD_REPORT_QUERY,what were my stats for vitamin d,Slang gaming
BLOOD_REPORT_QUERY,check my previous blood drip bro,Slang absurd
BLOOD_REPORT_QUERY,was my a1c cracked last time,Slang positive
BLOOD_REPORT_QUERY,run back my white blood cell count,Slang music
BLOOD_REPORT_QUERY,hit me with my old hemoglobin numbers,Slang command
BLOOD_REPORT_QUERY,what was my iron looking like last year,Slang casual
BLOOD_REPORT_QUERY,wht was my cholstrl last time,Typo text speak
BLOOD_REPORT_QUERY,did my irn go up,Typo
BLOOD_REPORT_QUERY,show me wbc count frm 2022,Typo
BLOOD_REPORT_QUERY,whar was my a1c in mrch,Typo
BLOOD_REPORT_QUERY,query fastng glucos from prev lab,Typo
BLOOD_REPORT_QUERY,how lo was my vit d,Typo
BLOOD_REPORT_QUERY,pull up hemo glboin lvls,Typo
BLOOD_REPORT_QUERY,wat did my livr enzymes b like,Typo slang
BLOOD_REPORT_QUERY,was my testosteron low,Typo
BLOOD_REPORT_QUERY,query my tsh levls,Typo
BLOOD_REPORT_QUERY,what was my vampire food rating last month,Halloween troll
BLOOD_REPORT_QUERY,did my blood turn to gold in 2023,Greedy troll
BLOOD_REPORT_QUERY,query my midichlorians from my last blood draw,Sci fi troll
BLOOD_REPORT_QUERY,was my blood made of pasta sauce last year,Italian troll
BLOOD_REPORT_QUERY,did i have royal blood in my last test,Ego troll
BLOOD_REPORT_QUERY,show me my caffeine blood level from yesterday,Caffeine troll
BLOOD_REPORT_QUERY,query my toxicity level from dealing with my ex,Emotional troll
BLOOD_REPORT_QUERY,was my sodium high from playing too many video games,Gamer troll
BLOOD_REPORT_QUERY,did my blood test show i was a ghost last winter,Paranormal troll
BLOOD_REPORT_QUERY,show me my main character energy levels from 2022,Meme troll
BLOOD_REPORT_QUERY,past iron.,Short
BLOOD_REPORT_QUERY,last a1c?,Short
BLOOD_REPORT_QUERY,cholesterol 2023.,Short command
BLOOD_REPORT_QUERY,old wbc.,Short
BLOOD_REPORT_QUERY,get past glucose.,Short command
BLOOD_REPORT_QUERY,my doctor just called and asked what my exact a1c was exactly a year ago and i lost the paper but i know i uploaded it here can you please dig into the archives and tell me the exact number,Long specific
BLOOD_REPORT_QUERY,i have been eating a ton of spinach and taking supplements so please check my last blood report and tell me what my ferritin was so i can see if i even need to keep doing this,Long contextual
BLOOD_REPORT_QUERY,i am trying to prove to my mom that my cholesterol was actually fine last year before the holidays so please pull up the exact ldl and hdl numbers from my november report,Long argument
BLOOD_REPORT_QUERY,okay i forgot if my vitamin d was 20 or 30 on the last test but it matters a lot because my mood is terrible right now so please find the old report and read me the number,Long emotional
BLOOD_REPORT_QUERY,my new doctor wants a complete history of my thyroid levels so i need you to query my tsh t3 and t4 from the last three blood tests i gave you,Long medical
BLOOD_REPORT_QUERY,why cant i find my own iron levels just tell me what they were,Angry frustrated
BLOOD_REPORT_QUERY,stop hiding my past medical data what was my a1c,Angry paranoid
BLOOD_REPORT_QUERY,i hate this app just give me my old cholesterol numbers ugh,Frustrated impatient
BLOOD_REPORT_QUERY,where is my last blood test data pull it up now,Angry command
BLOOD_REPORT_QUERY,im so annoyed just query the hemoglobin from last year,Frustrated lazy
BLOOD_REPORT_QUERY,🩸 🔙 iron levels?,Emoji based
BLOOD_REPORT_QUERY,📉 old cholesterol?,Emoji based
BLOOD_REPORT_QUERY,📅💉 a1c?,Emoji based
BLOOD_REPORT_QUERY,what was my exact ast to alt ratio on the july 2023 report,Highly specific medical
BLOOD_REPORT_QUERY,query the mean corpuscular volume from my hematology panel last year,Granular clinical
BLOOD_REPORT_QUERY,did my estimated glomerular filtration rate drop below 90 previously,Renal specific
BLOOD_REPORT_QUERY,what was the precise value of my high sensitivity crp in my last cardio panel,Cardio specific
BLOOD_REPORT_QUERY,query my sex hormone binding globulin from the endocrinology labs,Hormone specific
BLOOD_REPORT_QUERY,show me the absolute neutrophil count from the 2022 cbc,Hematology specific
BLOOD_REPORT_QUERY,what was my fasting insulin level before i started keto,Dietary context specific
BLOOD_REPORT_QUERY,query my homocysteine levels from the functional medicine report,Functional medical
BLOOD_REPORT_QUERY,did my apolipoprotein b change significantly in the last reading,Advanced lipid query
BLOOD_REPORT_QUERY,what was my free t3 to reverse t3 ratio on the last thyroid panel,Endocrine specific
BLOOD_REPORT_QUERY,query my blood for traces of my lost youth,Sad troll
BLOOD_REPORT_QUERY,did my last report say i was too cool for school,Childish troll
BLOOD_REPORT_QUERY,show me my patience levels from my last test because they are zero now,Angry troll
BLOOD_REPORT_QUERY,was my blood certified organic in 2023,Hipster troll
BLOOD_REPORT_QUERY,query my blood to see if i was a werewolf last full moon,Monster troll
BLOOD_REPORT_QUERY,did my last test confirm i am basically made of pizza,Dietary troll
BLOOD_REPORT_QUERY,show me my level of doom from the last existential crisis,Nihilist troll
BLOOD_REPORT_QUERY,query my blood for pure unadulterated swagger,Ego troll
BLOOD_REPORT_QUERY,was my wallet empty according to my last blood test,Financial troll
BLOOD_REPORT_QUERY,did my last report say i need a vacation,Exhausted troll
PANEL_QUERY,show me the trending graph for my vitamin d panel,Normal polite request
PANEL_QUERY,query my thyroid panel data over the last year,Normal request
PANEL_QUERY,compare my lipid panels from 2023 and 2024,Normal comparison
PANEL_QUERY,is my a1c trending down over the last three tests,Normal trend query
PANEL_QUERY,show me a graph of my iron levels over time,Normal visual request
PANEL_QUERY,pull up the historical data for my comprehensive metabolic panel,Normal broad
PANEL_QUERY,are my liver enzymes stable across my last four panels,Normal stability check
PANEL_QUERY,how has my testosterone changed over the last two years,Normal timeline
PANEL_QUERY,graph my cholesterol levels since i started my diet,Normal context graph
PANEL_QUERY,show me the panel trend for my kidney function,Normal medical request
PANEL_QUERY,query my complete blood count history,Normal broad query
PANEL_QUERY,compare my fasting glucose panels from spring and fall,Normal seasonal comparison
PANEL_QUERY,is my inflammation marker panel showing improvement,Normal progress check
PANEL_QUERY,plot my white blood cell count over the last 6 months,Normal technical
PANEL_QUERY,show me the historical view of my hormone panel,Normal request
PANEL_QUERY,graph my thyroid bro,Slang casual
PANEL_QUERY,show me the lipid panel glow up,Slang Gen Z
PANEL_QUERY,are my a1c stats getting buffed or nerfed,Slang gaming
PANEL_QUERY,pull up the timeline of my iron drip,Slang absurd
PANEL_QUERY,run the numbers on my past cholesterol panels,Slang corporate
PANEL_QUERY,is my test level trending fire lately,Slang fitness
PANEL_QUERY,graph out my liver enzymes i wanna see the damage,Slang self deprecating
PANEL_QUERY,let me see that vitamin d chart rn,Slang urgent
PANEL_QUERY,compare the blood receipts from last year,Slang aggressive
PANEL_QUERY,show me the trajectory of my health stats,Slang corporate
PANEL_QUERY,grph my thyrod pnel,Typo text speak
PANEL_QUERY,lippid pnl trend pls,Typo
PANEL_QUERY,compair my 2023 and 2024 a1c,Typo
PANEL_QUERY,show me graph of irn lvls,Typo
PANEL_QUERY,pul up hystorical data for cmp,Typo
PANEL_QUERY,are my livr enzymes stabl,Typo
PANEL_QUERY,how has my testosteron chnged,Typo
PANEL_QUERY,graph my cholestrol since diet,Typo
PANEL_QUERY,kidny functon panel trend,Typo
PANEL_QUERY,plot my wbc count ovr 6 mnths,Typo
PANEL_QUERY,show me the graph of my slowly failing liver,Doomer troll
PANEL_QUERY,graph my cholesterol to the moon like crypto,Finance troll
PANEL_QUERY,query my panels to show when i peaked in high school,Sad troll
PANEL_QUERY,compare my blood from when i was happy to now,Emotional troll
PANEL_QUERY,show me a graph of my blood turning into pure sugar,Dietary troll
PANEL_QUERY,plot my descent into madness using my thyroid panel,Dramatic troll
PANEL_QUERY,is my iron trend shaped like a rollercoaster of emotion,Poetic troll
PANEL_QUERY,graph my vampire desirability over the last year,Halloween troll
PANEL_QUERY,show me the chart of me becoming a god,Ego troll
PANEL_QUERY,compare my blood to a brick wall which is healthier,Absurd troll
PANEL_QUERY,lipid graph.,Short
PANEL_QUERY,thyroid trend.,Short
PANEL_QUERY,a1c over time.,Short
PANEL_QUERY,graph iron.,Short command
PANEL_QUERY,compare cholesterol.,Short command
PANEL_QUERY,i have been trying to see if my keto diet is working or killing me so please just show me a graph of my lipid panel over the last six months so i can decide if i should eat a potato,Long rambling
PANEL_QUERY,my doctor says my kidney function is declining but i want to see it for myself so pull up every single basic metabolic panel you have on file and plot the gfr so i can argue with him,Long argumentative
PANEL_QUERY,i swear my thyroid medication isnt working anymore can you query my tsh t3 and t4 panels for the last two years and show me exactly when the numbers started going the wrong way,Long medical
PANEL_QUERY,im building a spreadsheet of my life and i need you to export or at least show me the historical trend of my fasting blood sugar since 2020 so i can map it against my stress levels,Long technical
PANEL_QUERY,okay i just need a simple graph of my vitamin b12 over time because i started taking injections three months ago and i want to know if it looks like a hockey stick yet,Long conversational
PANEL_QUERY,why cant i just see a simple graph of my cholesterol this is stupid,Angry frustrated
PANEL_QUERY,stop making it complicated and plot my thyroid panel now,Angry command
PANEL_QUERY,i asked for a graph of my iron three times where is it,Angry impatient
PANEL_QUERY,this app never shows my trends right fix my lipid chart,Frustrated accusatory
PANEL_QUERY,just show me if my a1c is going up or down im tired of waiting,Frustrated lazy
PANEL_QUERY,📈 🩸 lipid panel?,Emoji based
PANEL_QUERY,📊 my thyroid pls,Emoji based
PANEL_QUERY,📉 sugar over time?,Emoji based
PANEL_QUERY,plot my egfr trends specifically focusing on the last 4 quarterly renal panels,Highly specific medical
PANEL_QUERY,compare the ldl particle number and size distribution between my 2022 and 2023 nmr lipoprofiles,Advanced lipid query
PANEL_QUERY,show me the longitudinal variance in my hs-crp over the past 5 years of cardio panels,Cardio specific
PANEL_QUERY,graph the ratio of my ast to alt over my last six comprehensive metabolic panels,Liver specific
PANEL_QUERY,query the historical trend of my free testosterone versus total testosterone,Hormone specific
PANEL_QUERY,plot my hemoglobin a1c against my average fasting glucose over 8 panels,Metabolic correlation
PANEL_QUERY,show me the seasonal fluctuation of my 25-hydroxy vitamin d levels over 3 years,Seasonal clinical
PANEL_QUERY,compare my complete blood count differential trends before and after my infection last year,Event specific medical
PANEL_QUERY,graph my serum ferritin alongside my total iron binding capacity over the last 4 tests,Anemia specific
PANEL_QUERY,query the historical progression of my thyroid autoantibodies tpo and tgab,Autoimmune specific
PANEL_QUERY,graph my blood panels to form a picture of a dinosaur,Visual troll
PANEL_QUERY,show me the trend of me slowly turning into a robot,Sci fi troll
PANEL_QUERY,compare my panels to my bank account which is dropping faster,Financial troll
PANEL_QUERY,plot my cholesterol to the beat of a techno song,Music troll
PANEL_QUERY,query my blood history to see if i am aging backwards,Benjamin button troll
PANEL_QUERY,show me a graph of my blood getting bored of me,Absurd troll
PANEL_QUERY,graph my midichlorian count over the last 3 star wars movies,Nerd troll
PANEL_QUERY,compare my blood test trends to the stock market,Corporate troll
PANEL_QUERY,plot my descent into chaos using my hormone panel,Dramatic troll
PANEL_QUERY,show me a graph of my patience thinning over time,Angry troll
FITNESS_PLAN_GENERATOR,create a 3 day split workout for me,Normal polite request
FITNESS_PLAN_GENERATOR,i need a beginner yoga routine for mornings,Normal request
FITNESS_PLAN_GENERATOR,give me a 5k running plan,Normal goal specific
FITNESS_PLAN_GENERATOR,plan a home workout with no equipment,Normal constraint
FITNESS_PLAN_GENERATOR,what is a good routine for building arm muscle,Normal target specific
FITNESS_PLAN_GENERATOR,generate a full body workout for a gym,Normal environment specific
FITNESS_PLAN_GENERATOR,i need a 20 minute hiit workout,Normal time constraint
FITNESS_PLAN_GENERATOR,make a stretching routine for after running,Normal timing specific
FITNESS_PLAN_GENERATOR,create a workout plan for a pregnant woman,Normal condition specific
FITNESS_PLAN_GENERATOR,give me a core strengthening routine,Normal target
FITNESS_PLAN_GENERATOR,plan a 4 day upper lower split,Normal technical
FITNESS_PLAN_GENERATOR,i need a workout to improve my posture,Normal goal
FITNESS_PLAN_GENERATOR,generate a warm up routine before lifting heavy,Normal timing
FITNESS_PLAN_GENERATOR,give me a low impact cardio plan,Normal constraint
FITNESS_PLAN_GENERATOR,plan a workout for seniors,Normal demographic
FITNESS_PLAN_GENERATOR,gimme a pump bro,Slang casual
FITNESS_PLAN_GENERATOR,need a workout to get absolutely shredded rn,Slang fitness
FITNESS_PLAN_GENERATOR,lets get those gains drop a plan,Slang hype
FITNESS_PLAN_GENERATOR,hit me with a fire ab routine,Slang Gen Z
FITNESS_PLAN_GENERATOR,make me a workout to build some boulder shoulders,Slang fitness
FITNESS_PLAN_GENERATOR,need to blast my quads today give me a routine,Slang aggressive
FITNESS_PLAN_GENERATOR,bro i need a 10 min sweat sesh,Slang casual
FITNESS_PLAN_GENERATOR,hook me up with a glute burner,Slang fitness
FITNESS_PLAN_GENERATOR,what is the meta for chest day rn,Slang gaming
FITNESS_PLAN_GENERATOR,give me a workout that slaps,Slang positive
FITNESS_PLAN_GENERATOR,creat 3 day splt wokrout,Typo text speak
FITNESS_PLAN_GENERATOR,need beginer ygoa rotine,Typo
FITNESS_PLAN_GENERATOR,5k runing plann,Typo
FITNESS_PLAN_GENERATOR,hom wokrut no eqipment,Typo
FITNESS_PLAN_GENERATOR,rotine for bilding arm muscl,Typo
FITNESS_PLAN_GENERATOR,ful body wrkout gym,Typo
FITNESS_PLAN_GENERATOR,20 min hit workout pls,Typo
FITNESS_PLAN_GENERATOR,streching rotine after run,Typo
FITNESS_PLAN_GENERATOR,core strengthning plan,Typo
FITNESS_PLAN_GENERATOR,low impct cardio pls,Typo
FITNESS_PLAN_GENERATOR,give me a workout to fight a bear,Action troll
FITNESS_PLAN_GENERATOR,plan a workout where i dont have to move at all,Lazy troll
FITNESS_PLAN_GENERATOR,i want to train my thumbs for intense video gaming give me a plan,Nerd troll
FITNESS_PLAN_GENERATOR,give me a routine that will make me levitate,Magic troll
FITNESS_PLAN_GENERATOR,plan a workout to run away from my responsibilities,Emotional troll
FITNESS_PLAN_GENERATOR,generate a workout to make me look like a dorito,Shape troll
FITNESS_PLAN_GENERATOR,what is the best workout for lifting the crushing weight of existence,Existential troll
FITNESS_PLAN_GENERATOR,give me a workout that only exercises my left pinky toe,Absurd specific
FITNESS_PLAN_GENERATOR,plan a routine to help me break out of prison,Edgy troll
FITNESS_PLAN_GENERATOR,generate a workout for my astral projection,Paranormal troll
FITNESS_PLAN_GENERATOR,gym plan.,Short
FITNESS_PLAN_GENERATOR,workout go.,Short command
FITNESS_PLAN_GENERATOR,abs.,Short
FITNESS_PLAN_GENERATOR,run 5k.,Short
FITNESS_PLAN_GENERATOR,yoga now.,Short command
FITNESS_PLAN_GENERATOR,i only have 15 minutes a day and i don't own any equipment and i have bad knees so give me a workout that will somehow still make me look like an avenger,Long constraint
FITNESS_PLAN_GENERATOR,so i am going on a beach vacation in exactly two weeks and i have done zero exercise for a year please generate a miracle plan that will give me abs immediately,Long unrealistic
FITNESS_PLAN_GENERATOR,my gym has a broken cable machine and no dumbbells under 50 pounds and i want to do a pull day what on earth can i do to get a good back workout,Long environmental
FITNESS_PLAN_GENERATOR,i want a plan that incorporates powerlifting on mondays bodybuilding on wednesdays and ballet on fridays because i want to be strong but also graceful,Long mixed goals
FITNESS_PLAN_GENERATOR,i read that doing 1000 pushups a day is bad for you but i want to do it anyway can you make a plan that spreads them out so my arms don't fall off,Long absurd goal
FITNESS_PLAN_GENERATOR,stop giving me lunges my knees hurt make a better plan,Angry defensive
FITNESS_PLAN_GENERATOR,this workout plan is too hard give me something else ugh,Frustrated complain
FITNESS_PLAN_GENERATOR,why do you always put burpees i hate burpees generate a new one,Angry preference
FITNESS_PLAN_GENERATOR,i asked for a home workout and this needs a bench fix it now,Angry accusatory
FITNESS_PLAN_GENERATOR,im tired just give me the easiest workout you have,Frustrated lazy
FITNESS_PLAN_GENERATOR,💪🏋️‍♂️ plan pls,Emoji based
FITNESS_PLAN_GENERATOR,🏃‍♂️🔥 5k training,Emoji based
FITNESS_PLAN_GENERATOR,🧘‍♀️ calming morning,Emoji based
FITNESS_PLAN_GENERATOR,create a periodized 12-week mesocycle focusing on hypertrophy for the posterior chain,Highly technical fitness
FITNESS_PLAN_GENERATOR,plan a plyometric routine to increase my vertical jump by 3 inches in a month,Specific athletic goal
FITNESS_PLAN_GENERATOR,give me a workout using only resistance bands focusing on time under tension,Equipment specific technical
FITNESS_PLAN_GENERATOR,generate a dup daily undulating periodization powerlifting block for a meet in 8 weeks,Advanced powerlifting
FITNESS_PLAN_GENERATOR,plan a unilateral training day to correct a strength imbalance in my left leg,Corrective exercise
FITNESS_PLAN_GENERATOR,give me a zone 2 cardio plan to improve mitochondrial density without burning out my cns,Advanced cardio
FITNESS_PLAN_GENERATOR,create a calisthenics progression plan to achieve my first strict muscle up,Skill specific
FITNESS_PLAN_GENERATOR,plan an active recovery day focusing on myofascial release and dynamic mobility,Recovery specific
FITNESS_PLAN_GENERATOR,give me a superset routine combining an agonist and antagonist muscle group for arms,Programming specific
FITNESS_PLAN_GENERATOR,generate a workout protocol mimicking the demands of a bjj match,Sport specific
FITNESS_PLAN_GENERATOR,give me a workout to prepare for a zombie apocalypse,Sci fi troll
FITNESS_PLAN_GENERATOR,plan a routine to help me carry all my emotional baggage,Emotional troll
FITNESS_PLAN_GENERATOR,generate a workout to make my aura stronger,Spiritual troll
FITNESS_PLAN_GENERATOR,what is the best routine to dodge taxes,Illegal troll
FITNESS_PLAN_GENERATOR,give me a workout that guarantees i win every argument,Debate troll
FITNESS_PLAN_GENERATOR,plan a workout using only the power of my mind,Telekinesis troll
FITNESS_PLAN_GENERATOR,generate a routine to help me survive a family dinner,Social troll
FITNESS_PLAN_GENERATOR,what is a good workout for jumping to conclusions,Pun troll
FITNESS_PLAN_GENERATOR,give me a plan to train my eyebrows to look suspicious,Micro muscle troll
FITNESS_PLAN_GENERATOR,plan a workout to lift my spirits,Pun troll
WORKOUT_PLAN_ADJUSTER,make my workout today a bit easier my legs hurt,Normal polite request
WORKOUT_PLAN_ADJUSTER,swap the squats for leg press in todays routine,Normal specific substitution
WORKOUT_PLAN_ADJUSTER,i only have 20 minutes now adjust my plan,Normal time constraint
WORKOUT_PLAN_ADJUSTER,change my routine to upper body only my knee is bad,Normal injury adjustment
WORKOUT_PLAN_ADJUSTER,remove the burpees from tomorrow's workout,Normal specific removal
WORKOUT_PLAN_ADJUSTER,make the cardio section longer by 15 minutes,Normal specific addition
WORKOUT_PLAN_ADJUSTER,adjust my plan i dont have dumbbells today,Normal equipment constraint
WORKOUT_PLAN_ADJUSTER,switch my rest day from friday to today,Normal scheduling
WORKOUT_PLAN_ADJUSTER,increase the intensity of my hiit session,Normal intensity adjustment
WORKOUT_PLAN_ADJUSTER,i need an alternative to pull ups i cant do them yet,Normal substitution
WORKOUT_PLAN_ADJUSTER,make my workout purely bodyweight today,Normal constraint
WORKOUT_PLAN_ADJUSTER,shorten the warm up i am already warm,Normal time tweak
WORKOUT_PLAN_ADJUSTER,change the sets from 3 to 4 on all exercises,Normal volume adjustment
WORKOUT_PLAN_ADJUSTER,give me an easier variation of the pushups,Normal regression
WORKOUT_PLAN_ADJUSTER,add an ab finisher to my current workout,Normal addition
WORKOUT_PLAN_ADJUSTER,bro my legs are fried gimme something else,Slang casual
WORKOUT_PLAN_ADJUSTER,nerf this workout it is way too hard,Slang gaming
WORKOUT_PLAN_ADJUSTER,buff the arm section i need a pump,Slang gaming/fitness
WORKOUT_PLAN_ADJUSTER,swap out the cardio for more lifting rn,Slang urgent
WORKOUT_PLAN_ADJUSTER,my shoulders are acting sus skip the overhead press,Slang Gen Z
WORKOUT_PLAN_ADJUSTER,make it a quick sweat sesh instead of an hour,Slang casual
WORKOUT_PLAN_ADJUSTER,drop the squats from the roster today,Slang sports
WORKOUT_PLAN_ADJUSTER,i am totally gassed dial back the volume,Slang fitness
WORKOUT_PLAN_ADJUSTER,hook me up with a dumbbell alternative for the barbell row,Slang request
WORKOUT_PLAN_ADJUSTER,switch up the vibes today make it yoga,Slang lifestyle
WORKOUT_PLAN_ADJUSTER,mak my workut today ezier,Typo text speak
WORKOUT_PLAN_ADJUSTER,swp the sqauts for leg pres,Typo
WORKOUT_PLAN_ADJUSTER,i only hav 20 mins adjust plann,Typo
WORKOUT_PLAN_ADJUSTER,chnge routine to upper bdy,Typo
WORKOUT_PLAN_ADJUSTER,remov burpes from tmrw,Typo
WORKOUT_PLAN_ADJUSTER,incrase intensity of hit,Typo
WORKOUT_PLAN_ADJUSTER,need an alt for pul ups,Typo
WORKOUT_PLAN_ADJUSTER,mak it purely bodyweigt,Typo
WORKOUT_PLAN_ADJUSTER,chagne sets from 3 to 4,Typo
WORKOUT_PLAN_ADJUSTER,add an ab finnisher,Typo
WORKOUT_PLAN_ADJUSTER,adjust this workout so i can do it while asleep,Absurd lazy
WORKOUT_PLAN_ADJUSTER,swap the barbell for a heavily laden sandwich,Dietary troll
WORKOUT_PLAN_ADJUSTER,make my workout 0 minutes and 100 percent pizza,Chaotic contradictory
WORKOUT_PLAN_ADJUSTER,change the gravity setting to the moon so i can lift this,Sci fi troll
WORKOUT_PLAN_ADJUSTER,replace my cardio with running from my problems,Emotional troll
WORKOUT_PLAN_ADJUSTER,adjust my plan so that i become batman by tomorrow,Delusional troll
WORKOUT_PLAN_ADJUSTER,can you swap the deadlifts for existential dread,Nihilist troll
WORKOUT_PLAN_ADJUSTER,make my workout entirely mental i will think about lifting,Telekinesis troll
WORKOUT_PLAN_ADJUSTER,adjust my reps to infinity and beyond,Meme troll
WORKOUT_PLAN_ADJUSTER,remove all the hard parts and leave only the rest breaks,Lazy troll
WORKOUT_PLAN_ADJUSTER,easier.,Short
WORKOUT_PLAN_ADJUSTER,swap squats.,Short command
WORKOUT_PLAN_ADJUSTER,too hard.,Short complaint
WORKOUT_PLAN_ADJUSTER,no dumbbells today.,Short constraint
WORKOUT_PLAN_ADJUSTER,make it 10 mins.,Short time
WORKOUT_PLAN_ADJUSTER,i pulled a muscle in my left pinky toe so i literally cannot do any of the lower body exercises today can you please change my entire plan to just arms and shoulders but nothing too heavy because im tired,Long rambling
WORKOUT_PLAN_ADJUSTER,okay so i am staying at a hotel and their gym is literally just a treadmill and a single 15 pound dumbbell please rewrite my entire pull day to accommodate this tragedy,Long environmental constraint
WORKOUT_PLAN_ADJUSTER,i drank way too much coffee and i have too much energy change my light recovery day into the most brutal high intensity cardio circuit you have in your database right now,Long energetic
WORKOUT_PLAN_ADJUSTER,my boss yelled at me and i need to punch something change my peaceful yoga routine into a heavy boxing or sledgehammer workout so i can get my anger out safely,Long emotional
WORKOUT_PLAN_ADJUSTER,i was supposed to run 5 miles today but it is raining and i refuse to go outside or use a treadmill so figure out how i can burn the exact same amount of calories in my tiny living room,Long stubborn
WORKOUT_PLAN_ADJUSTER,are you trying to kill me with these lunges fix this plan now,Angry accusatory
WORKOUT_PLAN_ADJUSTER,this workout is garbage change it to something i can actually do,Angry frustrated
WORKOUT_PLAN_ADJUSTER,stop giving me jumping exercises i live on the 3rd floor ugh,Frustrated environmental
WORKOUT_PLAN_ADJUSTER,i already told you i hate running take it out of my schedule,Angry defensive
WORKOUT_PLAN_ADJUSTER,this is taking too long just cut the workout in half,Impatient command
WORKOUT_PLAN_ADJUSTER,🔄 🏋️‍♂️ easier pls,Emoji based
WORKOUT_PLAN_ADJUSTER,🦵🔥 ➡️ 🛋️ adjust,Emoji based
WORKOUT_PLAN_ADJUSTER,⏱️ 15m only 🏃‍♂️,Emoji based
WORKOUT_PLAN_ADJUSTER,change the rpe on my working sets from 8 to 6,Highly specific technical
WORKOUT_PLAN_ADJUSTER,swap the conventional deadlifts for romanian deadlifts due to lower back fatigue,Biomechanical adjustment
WORKOUT_PLAN_ADJUSTER,adjust the rest periods from 60 seconds to 90 seconds to favor atp replenishment,Physiological tweak
WORKOUT_PLAN_ADJUSTER,replace the barbell bench press with a neutral grip dumbbell press to spare my ac joint,Clinical adjustment
WORKOUT_PLAN_ADJUSTER,switch my hypertrophy block to a strength block peaking protocol,Macrocycle adjustment
WORKOUT_PLAN_ADJUSTER,substitute the plyometric jumps with isometric holds for joint preservation,Kinesiology tweak
WORKOUT_PLAN_ADJUSTER,reduce the total daily volume by 20% to account for cns fatigue,Fatigue management
WORKOUT_PLAN_ADJUSTER,change the tempo of my eccentric phase from 2 seconds to 4 seconds,Specific tempo
WORKOUT_PLAN_ADJUSTER,adjust my mesocycle to include a deload week starting today,Periodization specific
WORKOUT_PLAN_ADJUSTER,swap the steady state cardio for a tabata protocol on the assault bike,Specific protocol
WORKOUT_PLAN_ADJUSTER,adjust my workout to accommodate my lack of motivation and sheer laziness,Self deprecating troll
WORKOUT_PLAN_ADJUSTER,swap out the gym for a nice warm bed,Cozy troll
WORKOUT_PLAN_ADJUSTER,make my workout look really impressive on paper but actually require zero effort,Deceptive troll
WORKOUT_PLAN_ADJUSTER,can you change my routine so i only exercise muscles that look good in a mirror,Vanity troll
WORKOUT_PLAN_ADJUSTER,replace my warm up with complaining about going to the gym,Relatable troll
WORKOUT_PLAN_ADJUSTER,adjust my plan to include three mandatory crying breaks,Emotional troll
WORKOUT_PLAN_ADJUSTER,swap the water breaks for doom scrolling on my phone,Internet troll
WORKOUT_PLAN_ADJUSTER,make my workout routine identical to what a sloth does in a day,Animal troll
WORKOUT_PLAN_ADJUSTER,adjust my routine to primarily feature lifting pizza to my mouth,Dietary troll
WORKOUT_PLAN_ADJUSTER,can you substitute sweating with glowing elegantly,Ego troll
SESSION_BOOKING,book a personal training session for tomorrow at 5 pm,Normal polite request
SESSION_BOOKING,reserve a spot in the hiit class on friday,Normal request
SESSION_BOOKING,cancel my yoga class for tonight,Normal cancellation
SESSION_BOOKING,schedule a consultation with the nutritionist,Normal booking
SESSION_BOOKING,book a massage for after my workout on wednesday,Normal related booking
SESSION_BOOKING,can you get me into the 6am spin class tomorrow,Normal specific
SESSION_BOOKING,reschedule my pt session from tuesday to thursday at 10 am,Normal reschedule
SESSION_BOOKING,book a squash court for 2 hours this weekend,Normal facility booking
SESSION_BOOKING,sign me up for the beginner pilates workshop,Normal event booking
SESSION_BOOKING,cancel my booking for the swimming lane,Normal cancellation
SESSION_BOOKING,reserve a spot in the zumba class,Normal request
SESSION_BOOKING,book an introductory session with a new coach,Normal request
SESSION_BOOKING,schedule my fitness assessment for next monday,Normal assessment
SESSION_BOOKING,change my class time from 5pm to 6pm,Normal modification
SESSION_BOOKING,book a sauna session for 30 minutes,Normal amenity booking
SESSION_BOOKING,snag me a spot in the spin class bro,Slang casual
SESSION_BOOKING,book my pt sesh rn,Slang urgent
SESSION_BOOKING,can my yoga class im totally flaking tonight,Slang cancellation
SESSION_BOOKING,lock me in for the heavy lifting clinic,Slang commitment
SESSION_BOOKING,schedule a vibe check with the nutritionist,Slang Gen Z
SESSION_BOOKING,hit up the schedule and put me down for hiit,Slang command
SESSION_BOOKING,bump my training session to tomorrow,Slang reschedule
SESSION_BOOKING,im tryna get a massage booked for friday,Slang casual
SESSION_BOOKING,reserve that squash court stat,Slang urgent
SESSION_BOOKING,put my name on the roster for bootcamp,Slang military/sports
SESSION_BOOKING,bok a personal traing sesion 4 tmrw,Typo text speak
SESSION_BOOKING,reserv a spot in hit class fridy,Typo
SESSION_BOOKING,cancl my yga clas 2nite,Typo
SESSION_BOOKING,schdule a consultaton,Typo
SESSION_BOOKING,book a massge 4 wedensday,Typo
SESSION_BOOKING,get me in the 6am spnn class,Typo
SESSION_BOOKING,reshedule pt sesion,Typo
SESSION_BOOKING,book sqush court 2 hrs,Typo
SESSION_BOOKING,sign me upp 4 pilates,Typo
SESSION_BOOKING,cancel swmming lane,Typo
SESSION_BOOKING,book a session with arnold schwarzenegger in 1985,Time travel troll
SESSION_BOOKING,reserve the entire gym for just me and my ego,Ego troll
SESSION_BOOKING,schedule a fist fight with my personal trainer,Aggressive troll
SESSION_BOOKING,book a crying room for after my leg day,Emotional troll
SESSION_BOOKING,can you enroll me in the jedi academy,Sci fi troll
SESSION_BOOKING,reserve a spot for my imaginary friend in the yoga class,Weird troll
SESSION_BOOKING,schedule a nap on the bench press for 3pm,Gym fail troll
SESSION_BOOKING,book a class on how to pretend to workout while looking at my phone,Lazy troll
SESSION_BOOKING,cancel my membership to society and book me a cabin in the woods,Dramatic troll
SESSION_BOOKING,sign me up to fight a bear on tuesday,Action troll
SESSION_BOOKING,book pt.,Short
SESSION_BOOKING,cancel class.,Short command
SESSION_BOOKING,yoga friday.,Short
SESSION_BOOKING,reschedule to 4pm.,Short command
SESSION_BOOKING,book sauna.,Short
SESSION_BOOKING,can you look at the schedule for next week and find a time when the gym is completely empty and book me a session with a trainer who doesn't yell at me,Long specific constraints
SESSION_BOOKING,i accidentally booked the advanced crossfit class instead of beginner yoga and i am absolutely terrified please cancel it immediately before they make me flip a tire,Long panicked
SESSION_BOOKING,i want to book a massage for my husband for his birthday next thursday but he hates deep tissue so it needs to be swedish and it has to be at exactly 6:15 pm,Long specific booking
SESSION_BOOKING,so i have a meeting at 4 and a dinner at 7 is there any possible way to squeeze in a 45 minute spin class at exactly 5:30 and book a shower right after,Long logistical
SESSION_BOOKING,my personal trainer cancelled on me last minute yesterday so as compensation i demand you book me the premium recovery suite for two hours completely free of charge,Long entitled
SESSION_BOOKING,why did my class get cancelled book it again right now,Angry command
SESSION_BOOKING,this booking system is garbage get me a spot in yoga,Frustrated aggressive
SESSION_BOOKING,stop giving me error messages and just schedule the pt session,Angry tech issue
SESSION_BOOKING,i asked you to cancel this yesterday why am i still charged fix it,Angry customer service
SESSION_BOOKING,the app won't let me book just do it for me ugh,Frustrated lazy
SESSION_BOOKING,📅 🧘‍♀️ friday pls,Emoji based
SESSION_BOOKING,🏋️‍♂️ 🎟️ book it,Emoji based
SESSION_BOOKING,❌ 🚴‍♂️ cancel spin,Emoji based
SESSION_BOOKING,book a 1 on 1 session focused on correcting my deadlift biomechanics,Highly specific clinical
SESSION_BOOKING,reserve a lane in the olympic pool for interval training,Facility specific
SESSION_BOOKING,schedule a vo2 max testing appointment in the lab,Testing specific
SESSION_BOOKING,book a session for active release technique art on my right shoulder,Therapy specific
SESSION_BOOKING,enroll me in the 8 week hypertrophy macrocycle program,Program booking
SESSION_BOOKING,cancel my class outside the 24 hour penalty window,Policy specific
SESSION_BOOKING,book a tandem session for me and my workout partner using our guest pass,Dual booking
SESSION_BOOKING,reserve the powerlifting platform with the calibrated plates,Equipment specific booking
SESSION_BOOKING,schedule a follow up consultation to review my dexa scan results,Medical related booking
SESSION_BOOKING,book a session in the altitude simulation chamber,Advanced facility booking
SESSION_BOOKING,book a spot in the class where nobody talks to me,Introvert troll
SESSION_BOOKING,reserve a treadmill that faces away from all mirrors,Insecure troll
SESSION_BOOKING,schedule me for whatever class burns the most calories while i lay down,Lazy troll
SESSION_BOOKING,book a session to teach me how to flex in the mirror properly,Vanity troll
SESSION_BOOKING,cancel my workout i saw a cloud that looked like a sign not to go,Superstitious troll
SESSION_BOOKING,reserve a spot in the back row where the instructor cant see my terrible form,Hide and seek troll
SESSION_BOOKING,book a class but make sure the playlist is entirely 2000s pop punk,Music troll
SESSION_BOOKING,schedule an intervention for my sugar addiction,Therapy troll
SESSION_BOOKING,cancel my gym booking and book a pizza delivery instead,Dietary troll
SESSION_BOOKING,reserve a spot for my dog on the treadmill,Pet troll
WATER_STEP_ADVISOR,i drank 3 glasses of water so far,Normal polite statement
WATER_STEP_ADVISOR,logged 10000 steps today,Normal log
WATER_STEP_ADVISOR,how much more water do i need today,Normal query
WATER_STEP_ADVISOR,add 500ml of water to my tracker,Normal request
WATER_STEP_ADVISOR,i walked 5 miles how many steps is that,Normal conversion query
WATER_STEP_ADVISOR,my pedometer says 8500 steps update my profile,Normal update
WATER_STEP_ADVISOR,am i on track for my hydration goal,Normal check
WATER_STEP_ADVISOR,log a 30 minute walk,Normal activity log
WATER_STEP_ADVISOR,i finished my 2 liter water bottle,Normal milestone
WATER_STEP_ADVISOR,did i hit my 10k step goal yesterday,Normal past check
WATER_STEP_ADVISOR,record 2 cups of herbal tea as water,Normal substitution query
WATER_STEP_ADVISOR,i have only taken 2000 steps today is that bad,Normal concern
WATER_STEP_ADVISOR,log my morning run it was 7000 steps,Normal context
WATER_STEP_ADVISOR,i drank a gallon of water today,Normal milestone
WATER_STEP_ADVISOR,show me my step graph for the week,Normal request
WATER_STEP_ADVISOR,hit my step goal lets go,Slang hype
WATER_STEP_ADVISOR,chugged a hydro flask log it bro,Slang Gen Z
WATER_STEP_ADVISOR,im parched just downed 3 bottles of h2o,Slang casual
WATER_STEP_ADVISOR,did my 10k steps time to chill,Slang achievement
WATER_STEP_ADVISOR,my water intake is lacking today rn,Slang self deprecating
WATER_STEP_ADVISOR,log 5k steps i was on the grind,Slang hustle
WATER_STEP_ADVISOR,how much more liquid do i gotta drink,Slang casual
WATER_STEP_ADVISOR,im slacking on steps today hook me up with some motivation,Slang request
WATER_STEP_ADVISOR,drank a liter of water we staying hydrated,Slang positive
WATER_STEP_ADVISOR,pounded a glass of water log it,Slang aggressive
WATER_STEP_ADVISOR,i drnk 3 glases of watr,Typo text speak
WATER_STEP_ADVISOR,loggd 10000 stepps 2day,Typo
WATER_STEP_ADVISOR,how mch more watter do i ned,Typo
WATER_STEP_ADVISOR,add 500ml wtr to tracker,Typo
WATER_STEP_ADVISOR,walked 5 miles how mny steps,Typo
WATER_STEP_ADVISOR,my pedomter says 8500,Typo
WATER_STEP_ADVISOR,am i on trac for hydraton,Typo
WATER_STEP_ADVISOR,log a 30 min wlk,Typo
WATER_STEP_ADVISOR,i finishd my 2 litr bottle,Typo
WATER_STEP_ADVISOR,did i hit 10k yesterday,Typo
WATER_STEP_ADVISOR,does crying count as drinking water,Emotional troll
WATER_STEP_ADVISOR,i walked 500 miles and i would walk 500 more log my steps,Music troll
WATER_STEP_ADVISOR,if i drown do i achieve my daily hydration goal,Dark troll
WATER_STEP_ADVISOR,log my steps i walked away from a toxic relationship,Therapy troll
WATER_STEP_ADVISOR,i drank the ocean log my sodium and water intake,Absurd troll
WATER_STEP_ADVISOR,does scrolling on tiktok count as finger steps,Lazy troll
WATER_STEP_ADVISOR,log my steps i was running through their mind all day,Flirt troll
WATER_STEP_ADVISOR,i drank 0 water but 4 iced coffees am i a mummy yet,Caffeine troll
WATER_STEP_ADVISOR,record my steps i walked into a door,Self deprecating troll
WATER_STEP_ADVISOR,does standing in the shower with my mouth open count as hydration,Weird troll
WATER_STEP_ADVISOR,10k steps.,Short
WATER_STEP_ADVISOR,3 waters.,Short
WATER_STEP_ADVISOR,log steps.,Short command
WATER_STEP_ADVISOR,add 1l.,Short
WATER_STEP_ADVISOR,water goal?,Short query
WATER_STEP_ADVISOR,i accidentally left my smartwatch on my dog and he ran around the yard for three hours so my step count says 45000 but i actually just sat on the couch how do i fix this,Long chaotic
WATER_STEP_ADVISOR,i have been drinking so much water today that i have to go to the bathroom every ten minutes is this normal or should i lower my hydration goal of 150 ounces,Long medical concern
WATER_STEP_ADVISOR,i went to a theme park and walked from 8am to 10pm but my phone died halfway through so it only recorded 6000 steps can you just estimate the rest and log 20000,Long estimation request
WATER_STEP_ADVISOR,i absolutely hate the taste of plain water so i drank two liters of water mixed with crystal light and a diet coke does that all count towards my water goal or just the crystal light,Long dietary query
WATER_STEP_ADVISOR,so i work at a standing desk all day but i don't actually walk anywhere do i still need to hit 10000 steps or does standing for 8 hours count for something,Long lifestyle query
WATER_STEP_ADVISOR,stop reminding me to drink water i am not thirsty ugh,Angry defensive
WATER_STEP_ADVISOR,my step counter is broken fix my total right now,Frustrated tech issue
WATER_STEP_ADVISOR,i hate drinking water stop making my goal so high,Angry complaint
WATER_STEP_ADVISOR,this app keeps deleting my steps add them back,Angry accusatory
WATER_STEP_ADVISOR,just log the 500ml and stop telling me facts about hydration,Impatient command
WATER_STEP_ADVISOR,💧💧💧 log pls,Emoji based
WATER_STEP_ADVISOR,🚶‍♂️ 10k ✅,Emoji based
WATER_STEP_ADVISOR,🚰 goal hit?,Emoji based
WATER_STEP_ADVISOR,calculate my hydration deficit based on my 2 hour zone 3 run in 85 degree heat,Advanced sports science
WATER_STEP_ADVISOR,log exactly 32.5 fluid ounces of electrolyte infused water,Highly specific metric
WATER_STEP_ADVISOR,convert my 15 kilometers of trail running with 1000ft elevation into equivalent steps,Advanced conversion
WATER_STEP_ADVISOR,does caffeinated tea count towards my net positive hydration balance,Specific scientific query
WATER_STEP_ADVISOR,log my basal metabolic water loss for the day,Granular biological tracking
WATER_STEP_ADVISOR,adjust my daily step goal to account for a tapering week before a marathon,Periodization specific
WATER_STEP_ADVISOR,calculate the hydration equivalent of a watermelon i just ate,Food water content
WATER_STEP_ADVISOR,i achieved 12450 steps with an average cadence of 110 spm log this,Detailed metric
WATER_STEP_ADVISOR,what is the recommended oz of water per pound of bodyweight for a hyperactive athlete,Formula specific
WATER_STEP_ADVISOR,log 500ml of water and 200mg of sodium for cramp prevention,Supplement context
WATER_STEP_ADVISOR,log my steps i walked all the way to the fridge and back,Lazy troll
WATER_STEP_ADVISOR,does my sweat count as recycled water if it rolls into my mouth,Gross troll
WATER_STEP_ADVISOR,i am 70% water so technically i am a cucumber log that,Biology troll
WATER_STEP_ADVISOR,log 1 million steps i just played 4 hours of virtual reality beatsaber,Gamer troll
WATER_STEP_ADVISOR,does drinking the blood of my enemies hydrate me,Edgy troll
WATER_STEP_ADVISOR,i stepped on a lego log 1000 steps worth of pain,Dramatic troll
WATER_STEP_ADVISOR,does drinking respect women juice count towards my hydration,Meme troll
WATER_STEP_ADVISOR,log my steps i am pacing back and forth waiting for a text back,Anxious troll
WATER_STEP_ADVISOR,i drank an energy drink does that make me a battery,Caffeine troll
WATER_STEP_ADVISOR,log 0 steps i have fused with my mattress,Cozy troll
GOAL_UPDATER,change my target weight to 65kg,Normal polite command
GOAL_UPDATER,i want to switch my goal from weight loss to muscle gain,Normal goal update
GOAL_UPDATER,update my weekly running goal to 15 miles,Normal specific update
GOAL_UPDATER,set a new goal to drink 100 ounces of water daily,Normal habit update
GOAL_UPDATER,change my target body fat percentage to 15 percent,Normal physical update
GOAL_UPDATER,i achieved my goal what should i set my new one to,Normal transitional query
GOAL_UPDATER,update my daily step goal to 12000,Normal metric update
GOAL_UPDATER,i want to maintain my current weight now change my goal,Normal lifestyle update
GOAL_UPDATER,set my sleep goal to 8 hours a night,Normal habit update
GOAL_UPDATER,change my primary goal to cardiovascular endurance,Normal focus update
GOAL_UPDATER,update my calorie deficit goal to 500 a day,Normal macro update
GOAL_UPDATER,make my new goal to do 50 pushups in a row,Normal performance goal
GOAL_UPDATER,set a goal to cook at home 4 days a week,Normal behavioral goal
GOAL_UPDATER,change my weight loss target date to december,Normal timeframe update
GOAL_UPDATER,update my goal to lower my cholesterol by 20 points,Normal medical goal
GOAL_UPDATER,tryna get shredded switch my goal up,Slang casual
GOAL_UPDATER,change the meta to bulking rn,Slang gaming/fitness
GOAL_UPDATER,we on that cut now update it bro,Slang fitness
GOAL_UPDATER,make my goal to get dummy thick,Slang Gen Z
GOAL_UPDATER,put my target weight at 180 im trying to get swole,Slang hype
GOAL_UPDATER,update the vibes to maintenance mode,Slang casual
GOAL_UPDATER,set my step goal to zero im entering hibernation,Slang lazy
GOAL_UPDATER,make my goal catching these gains,Slang positive
GOAL_UPDATER,switch my objective to surviving leg day,Slang dramatic
GOAL_UPDATER,tweak my target im tryna lose this gut,Slang casual
GOAL_UPDATER,chnage my trget weigt to 65,Typo text speak
GOAL_UPDATER,swtch gool to muscl gain,Typo
GOAL_UPDATER,updaet weekly runing goal,Typo
GOAL_UPDATER,set a new gol to drnk watr,Typo
GOAL_UPDATER,chaneg body fatt to 15 precent,Typo
GOAL_UPDATER,updte step gol to 12k,Typo
GOAL_UPDATER,i wana maintian my weigt now,Typo
GOAL_UPDATER,set slep goal to 8 hrs,Typo
GOAL_UPDATER,chage primary goall to enduranc,Typo
GOAL_UPDATER,updat cal deficit to 500,Typo
GOAL_UPDATER,set my goal to surviving the week without crying,Emotional troll
GOAL_UPDATER,change my goal to becoming a literal tank,Hyperbolic troll
GOAL_UPDATER,update goal to eat all the pizza in the world,Gluttony troll
GOAL_UPDATER,make my target weight the exact weight of a cloud,Poetic troll
GOAL_UPDATER,change my goal to becoming invisible so i dont have to work,Lazy troll
GOAL_UPDATER,set my fitness goal to running away from my responsibilities,Anxious troll
GOAL_UPDATER,update my goal to world domination,Villain troll
GOAL_UPDATER,make my primary objective to outlive my enemies,Spiteful troll
GOAL_UPDATER,change my goal to being able to fight a kangaroo,Absurd troll
GOAL_UPDATER,set my goal to legally becoming a couch,Cozy troll
GOAL_UPDATER,new goal 150lbs.,Short
GOAL_UPDATER,goal bulk.,Short
GOAL_UPDATER,set steps 10k.,Short command
GOAL_UPDATER,change to maintenance.,Short
GOAL_UPDATER,update target date.,Short command
GOAL_UPDATER,i am so incredibly sick of tracking every single calorie and weighing myself every day so please just completely delete my weight loss goal and set everything to basic health maintenance before i lose my mind,Long emotional
GOAL_UPDATER,i have a high school reunion in exactly 6 months and my ex is going to be there so i need you to update my goal to the most aggressive fat loss plan mathematically possible without putting me in the hospital,Long spiteful
GOAL_UPDATER,so i hit my target weight yesterday but honestly i look too skinny and i lost all my strength so please pivot my entire profile to a lean bulk focusing on hypertrophy for the next 12 weeks,Long technical pivot
GOAL_UPDATER,i tried to run a 5k and i thought i was going to pass out so let us be realistic and change my goal from running a marathon to just being able to walk up a flight of stairs without wheezing,Long self deprecating
GOAL_UPDATER,my doctor said my blood pressure is borderline high so i need to change my goal from aesthetics to longevity and cardiovascular health starting right this second,Long medical
GOAL_UPDATER,why didnt my goal save yesterday change it now ugh,Angry tech issue
GOAL_UPDATER,stop giving me weight loss tips i said i want to bulk fix it,Angry frustrated
GOAL_UPDATER,i hate this app just change my target weight to 130 and leave me alone,Angry lazy
GOAL_UPDATER,you ignored my update last time set it to maintenance right now,Angry accusatory
GOAL_UPDATER,this is ridiculous how many times do i have to say i want to build muscle,Frustrated complaint
GOAL_UPDATER,🎯 ➡️ 150 lbs,Emoji based
GOAL_UPDATER,🔄 goal to 💪,Emoji based
GOAL_UPDATER,📈 target weight 80kg,Emoji based
GOAL_UPDATER,adjust my macro goal to a 40 30 30 split for recomp,Highly specific macro
GOAL_UPDATER,set my 1rm deadlift goal to 405 lbs by december 31st,Specific performance
GOAL_UPDATER,update my daily neat target to burn an extra 300 calories,Advanced fitness
GOAL_UPDATER,change my progressive overload goal to add 2.5kg per week on compounds,Technical lifting
GOAL_UPDATER,set a smart goal for reducing my visceral fat by 2 percent in 3 months,Clinical specific
GOAL_UPDATER,update my hydration goal to 1 ounce per pound of lean body mass,Formula specific
GOAL_UPDATER,change my mobility goal to achieve a full atg squat within 8 weeks,Biomechanics specific
GOAL_UPDATER,set my hrv goal to maintain an average of 60ms during sleep,Advanced metric
GOAL_UPDATER,update my fasting goal to complete a 72 hour water fast next month,Extreme diet specific
GOAL_UPDATER,change my climbing goal to send a v6 boulder problem by summer,Sport specific
GOAL_UPDATER,set my goal to telekinesis so i dont have to lift the remote,Nerd troll
GOAL_UPDATER,update my target to waking up before noon on weekends,Lazy troll
GOAL_UPDATER,change my goal from fitness to finding a sugar daddy,Financial troll
GOAL_UPDATER,make my goal to ascend to the astral plane during meditation,Paranormal troll
GOAL_UPDATER,set my fitness goal to looking like a jojo character,Anime troll
GOAL_UPDATER,update my goal to having a jawline that can cut glass,Vanity troll
GOAL_UPDATER,change my target to whatever makes people stop asking me if i work out,Insecure troll
GOAL_UPDATER,make my goal to outrun my sleep paralysis demon,Halloween troll
GOAL_UPDATER,set my daily goal to simply existing without complaining,Sarcastic troll
GOAL_UPDATER,update my goal to finding the motivation to update my goal,Meta troll
CALORIE_CALCULATOR,how many calories should i eat to lose 1 pound a week,Normal polite request
CALORIE_CALCULATOR,calculate my tdee,Normal technical query
CALORIE_CALCULATOR,what is my bmr right now,Normal request
CALORIE_CALCULATOR,how many calories do i burn walking 10000 steps,Normal activity query
CALORIE_CALCULATOR,i want to maintain my weight how many calories is that,Normal goal query
CALORIE_CALCULATOR,if i run for 30 minutes how many calories does that burn,Normal specific exercise
CALORIE_CALCULATOR,calculate the calorie deficit needed to lose 5kg in a month,Normal math request
CALORIE_CALCULATOR,how many calories are in a pound of fat,Normal trivia query
CALORIE_CALCULATOR,what should my daily caloric intake be for bulking,Normal diet specific
CALORIE_CALCULATOR,do i need to eat back the calories i burn exercising,Normal advice query
CALORIE_CALCULATOR,calculate my basal metabolic rate with my new weight,Normal update query
CALORIE_CALCULATOR,how many calories does an hour of weightlifting burn,Normal activity specific
CALORIE_CALCULATOR,what is the thermic effect of food in my daily calories,Normal advanced query
CALORIE_CALCULATOR,how many calories should a 30 year old male eat,Normal demographic
CALORIE_CALCULATOR,calculate my macros based on 2000 calories a day,Normal compounding
CALORIE_CALCULATOR,how many cals to get swole bro,Slang fitness
CALORIE_CALCULATOR,whats the damage for a 5k run today,Slang casual
CALORIE_CALCULATOR,gimme my maintenance cals rn,Slang urgent
CALORIE_CALCULATOR,run the numbers on my tdee,Slang corporate
CALORIE_CALCULATOR,how many calories do i gotta drop to get shredded,Slang fitness
CALORIE_CALCULATOR,what is the caloric budget for today,Slang financial
CALORIE_CALCULATOR,calculate my burn rate for sitting on the couch,Slang lazy
CALORIE_CALCULATOR,hook me up with the calorie math for a cheat day,Slang casual
CALORIE_CALCULATOR,how many cals does my body passively burn,Slang gaming
CALORIE_CALCULATOR,is a 1000 cal deficit totally cracked or safe,Slang Gen Z
CALORIE_CALCULATOR,how mny calries to lose 1 lb a week,Typo text speak
CALORIE_CALCULATOR,calculat my tde pls,Typo
CALORIE_CALCULATOR,wat is my bmrr,Typo
CALORIE_CALCULATOR,how meny cals do i burn walking,Typo
CALORIE_CALCULATOR,maintanance calries for my weight,Typo
CALORIE_CALCULATOR,if i run 30 mins how mch cals burned,Typo
CALORIE_CALCULATOR,calclate defcit to lose 5kg,Typo
CALORIE_CALCULATOR,how mny cals in a pund of fat,Typo
CALORIE_CALCULATOR,daily cloric intak for bulk,Typo
CALORIE_CALCULATOR,basl metabolic rate calculatr,Typo
CALORIE_CALCULATOR,how many calories do i burn running from my problems,Emotional troll
CALORIE_CALCULATOR,calculate the calories in a feeling of deep regret,Abstract troll
CALORIE_CALCULATOR,if i sleep for 24 hours how many calories is that,Lazy troll
CALORIE_CALCULATOR,how many calories do i burn by overthinking every text message,Anxious troll
CALORIE_CALCULATOR,calculate my tdee if i am a vampire living in the 1800s,Roleplay troll
CALORIE_CALCULATOR,how many calories does it take to lift my own ego,Vanity troll
CALORIE_CALCULATOR,calculate the caloric burn of holding a grudge for 10 years,Spiteful troll
CALORIE_CALCULATOR,how many calories are in a sigh of relief,Poetic troll
CALORIE_CALCULATOR,if i roll my eyes 100 times a day what is the caloric burn,Sarcastic troll
CALORIE_CALCULATOR,calculate my daily energy expenditure if i exist purely out of spite,Nihilist troll
CALORIE_CALCULATOR,tdee?,Short
CALORIE_CALCULATOR,bmr check.,Short
CALORIE_CALCULATOR,cals to lose weight.,Short command
CALORIE_CALCULATOR,maintenance cals.,Short
CALORIE_CALCULATOR,burn from 5k.,Short query
CALORIE_CALCULATOR,i have been using 3 different calculators online and they all give me a completely different tdee and i am so confused please just use my exact height weight and age to tell me exactly how many calories i need to eat to lose 10 pounds in a month without starving,Long confused
CALORIE_CALCULATOR,okay so i work construction for 8 hours a day then i go to the gym for an hour then i walk my dog for 2 miles how on earth do i calculate my activity multiplier for my calories without overestimating it,Long specific lifestyle
CALORIE_CALCULATOR,my fitness watch says i burned 3000 calories today but that seems literally impossible because i only did a 20 minute hiit workout and sat at my desk the rest of the day can you calculate my real burn,Long skeptical
CALORIE_CALCULATOR,i am trying to do a zig zag calorie cycle where i eat more on workout days and less on rest days can you calculate the exact numbers i need for a 4 day lifting split to average a 500 deficit,Long technical
CALORIE_CALCULATOR,i accidentally ate 4000 calories at a buffet yesterday and my normal target is 1500 please calculate exactly how much i need to restrict for the next 5 days to make up for my terrible choices,Long guilty
CALORIE_CALCULATOR,stop giving me 1200 calories i am starving recalculate it higher,Angry defensive
CALORIE_CALCULATOR,your calculator is broken i am gaining weight on this deficit,Angry accusatory
CALORIE_CALCULATOR,i hate math just tell me the final calorie number ugh,Frustrated lazy
CALORIE_CALCULATOR,why does my bmr keep dropping this makes no sense fix it,Angry confused
CALORIE_CALCULATOR,just give me the macros i dont care about the formula,Impatient command
CALORIE_CALCULATOR,🔥🏃‍♂️ = ? cals,Emoji based
CALORIE_CALCULATOR,⚖️⬇️ calories?,Emoji based
CALORIE_CALCULATOR,🧮 my tdee pls,Emoji based
CALORIE_CALCULATOR,calculate my total daily energy expenditure using the katch mcardle formula assuming 15% body fat,Highly specific formula
CALORIE_CALCULATOR,what is my exact basal metabolic rate using the mifflin st jeor equation,Clinical equation
CALORIE_CALCULATOR,calculate the met equivalent calorie burn for 45 minutes of vigorous rowing,Advanced sports metric
CALORIE_CALCULATOR,adjust my daily caloric needs considering a thermic effect of food at 15% on a high protein diet,Metabolic specific
CALORIE_CALCULATOR,what is the caloric equivalent of a 2 hour steady state zone 2 cardio session for an 80kg male,Physiological calculation
CALORIE_CALCULATOR,calculate my non exercise activity thermogenesis neat assuming a standing desk for 6 hours,Granular lifestyle metric
CALORIE_CALCULATOR,what is the precise caloric deficit required to mobilize 1.5 lbs of adipose tissue per week,Medical math
CALORIE_CALCULATOR,calculate my resting energy expenditure ree adjusted for a mild hypothyroid state,Condition specific math
CALORIE_CALCULATOR,determine my calorie ceiling to stay within a 10% caloric surplus for a lean bulk,Hypertrophy specific
CALORIE_CALCULATOR,calculate the total work in kilojoules for my lifting session to estimate calorie expenditure,Physics based metric
CALORIE_CALCULATOR,how many calories do i burn existing in a state of constant panic,Anxious troll
CALORIE_CALCULATOR,calculate the caloric value of a broken promise,Sad troll
CALORIE_CALCULATOR,if i stare at a wall for 3 hours how many calories do i burn,Bored troll
CALORIE_CALCULATOR,how many calories does my brain burn while formulating a sassy comeback,Intellectual troll
CALORIE_CALCULATOR,calculate my tdee if my main activity is jumping to conclusions,Pun troll
CALORIE_CALCULATOR,how many calories do i burn by aggressively ignoring my alarm clock,Morning troll
CALORIE_CALCULATOR,calculate the calories required to carry a conversation with my awkward cousin,Social troll
CALORIE_CALCULATOR,how many calories do i burn shivering in the cold reality of adulthood,Existential troll
CALORIE_CALCULATOR,if i chew gum aggressively for 8 hours is that a workout calculate it,Absurd metric
CALORIE_CALCULATOR,calculate my metabolic rate if i identify as a hummingbird,Biology troll
MEAL_PLAN_ADJUSTER,remove the fish from tomorrows meal plan,Normal polite request
MEAL_PLAN_ADJUSTER,swap my afternoon snack for something with less sugar,Normal substitution
MEAL_PLAN_ADJUSTER,i dont have chicken what else can i use for dinner,Normal ingredient constraint
MEAL_PLAN_ADJUSTER,increase the portion size for my lunch i am too hungry,Normal volume adjustment
MEAL_PLAN_ADJUSTER,change my breakfast to something i can take on the go,Normal logistical request
MEAL_PLAN_ADJUSTER,make all the meals for wednesday vegetarian,Normal dietary shift
MEAL_PLAN_ADJUSTER,reduce the calories in today's dinner by 200,Normal macro adjustment
MEAL_PLAN_ADJUSTER,swap the broccoli for asparagus in the side dish,Normal preference tweak
MEAL_PLAN_ADJUSTER,i need a cheaper alternative for the salmon on friday,Normal financial adjustment
MEAL_PLAN_ADJUSTER,can you make my meal plan dairy free for the next two days,Normal temporary constraint
MEAL_PLAN_ADJUSTER,adjust my macros lower the fat and increase the carbs,Normal macro tweak
MEAL_PLAN_ADJUSTER,replace the almonds with a nut free snack,Normal allergy adjustment
MEAL_PLAN_ADJUSTER,i only have 15 minutes to cook tonight change the recipe,Normal time constraint
MEAL_PLAN_ADJUSTER,make the dinner recipe kid friendly,Normal demographic tweak
MEAL_PLAN_ADJUSTER,add a protein shake to my daily plan,Normal addition
MEAL_PLAN_ADJUSTER,toss the broccoli out of my plan bro,Slang casual
MEAL_PLAN_ADJUSTER,swap the chicken for beef rn im sick of it,Slang urgent
MEAL_PLAN_ADJUSTER,make tomorrows meals hit different no salads,Slang Gen Z
MEAL_PLAN_ADJUSTER,bump up the protein on this meal plan i need gains,Slang fitness
MEAL_PLAN_ADJUSTER,nerf the calories in my lunch i ate too much breakfast,Slang gaming
MEAL_PLAN_ADJUSTER,drop the expensive stuff make it a broke boy meal plan,Slang financial
MEAL_PLAN_ADJUSTER,switch up the vibes for dinner give me tacos,Slang lifestyle
MEAL_PLAN_ADJUSTER,can the oatmeal i need a real breakfast,Slang aggressive
MEAL_PLAN_ADJUSTER,hook me up with a sweeter snack for the afternoon,Slang casual
MEAL_PLAN_ADJUSTER,tweak the macros i need more carbs for energy,Slang technical
MEAL_PLAN_ADJUSTER,remov the fsh from tmrws plan,Typo text speak
MEAL_PLAN_ADJUSTER,swapp my snack for less shugar,Typo
MEAL_PLAN_ADJUSTER,i dont hav chiken wat to use,Typo
MEAL_PLAN_ADJUSTER,incrase portion size for lanch,Typo
MEAL_PLAN_ADJUSTER,chnge brekfast to on the go,Typo
MEAL_PLAN_ADJUSTER,mak al meals wednsday vegtarian,Typo
MEAL_PLAN_ADJUSTER,reduc calries in dinner by 200,Typo
MEAL_PLAN_ADJUSTER,swap brocoli for aspragus,Typo
MEAL_PLAN_ADJUSTER,need cheper alt for salmon,Typo
MEAL_PLAN_ADJUSTER,mak meal plan dary free,Typo
MEAL_PLAN_ADJUSTER,adjust my meal plan so that every meal is just a different shape of potato,Absurd troll
MEAL_PLAN_ADJUSTER,swap the healthy stuff for pure chaos and deep fried butter,Dietary troll
MEAL_PLAN_ADJUSTER,can we replace breakfast with a nap,Lazy troll
MEAL_PLAN_ADJUSTER,change my dinner to something that will make my ex cry,Emotional spite
MEAL_PLAN_ADJUSTER,remove all the green things from my plan they look suspicious,Paranoid troll
MEAL_PLAN_ADJUSTER,adjust my macros so my diet consists entirely of spite and iced coffee,Meme troll
MEAL_PLAN_ADJUSTER,swap the chicken breast for a sense of financial stability,Existential troll
MEAL_PLAN_ADJUSTER,change my meal plan to whatever a medieval king would eat,Historical roleplay
MEAL_PLAN_ADJUSTER,remove the cooking part and just give me a list of things i can eat raw,Caveman troll
MEAL_PLAN_ADJUSTER,adjust my plan to include a 4th meal called midnight regret,Timing troll
MEAL_PLAN_ADJUSTER,no fish.,Short command
MEAL_PLAN_ADJUSTER,swap snack.,Short
MEAL_PLAN_ADJUSTER,more protein.,Short
MEAL_PLAN_ADJUSTER,cheaper dinner.,Short constraint
MEAL_PLAN_ADJUSTER,make it vegan.,Short constraint
MEAL_PLAN_ADJUSTER,i specifically told you three days ago that i hate cilantro and you put it in my tacos for tomorrow please remove it right now and recalculate the entire week if you have to,Long frustrated
MEAL_PLAN_ADJUSTER,i got invited to a dinner party tonight so i am not going to eat the chicken you planned can you push that meal to tomorrow lunch and adjust the calories so i have room for cake tonight,Long logistical
MEAL_PLAN_ADJUSTER,the grocery store was completely out of spinach kale and arugula so i literally cannot make any of the salads you gave me please swap every single salad for a roasted vegetable side instead,Long environmental
MEAL_PLAN_ADJUSTER,i am feeling incredibly lazy today and i refuse to turn on my oven or stove so please change my gourmet dinner plan into something i can assemble out of cans or a microwave,Long lazy constraint
MEAL_PLAN_ADJUSTER,my stomach is super upset today and the spicy curry you have planned for dinner is going to destroy me please change it to the blandest most easily digestible meal possible like toast and rice,Long medical tweak
MEAL_PLAN_ADJUSTER,why is there dairy in this i said i was lactose intolerant fix it,Angry medical
MEAL_PLAN_ADJUSTER,stop giving me eggs for breakfast i am so sick of them swap it,Angry preference
MEAL_PLAN_ADJUSTER,this meal plan is way too much food adjust the portions down right now,Angry command
MEAL_PLAN_ADJUSTER,you put tomatoes in my salad again take them out i hate them ugh,Frustrated repetitive
MEAL_PLAN_ADJUSTER,i cant afford this grocery list change the plan to be cheaper immediately,Angry financial
MEAL_PLAN_ADJUSTER,🔄 🍎 ➡️ 🍫 pls,Emoji based
MEAL_PLAN_ADJUSTER,🚫 🥦 change it,Emoji based
MEAL_PLAN_ADJUSTER,⬆️ 🥩 macros pls,Emoji based
MEAL_PLAN_ADJUSTER,adjust the macros of tomorrows dinner to reduce the fat by 10g and increase carbs by 25g,Highly specific macro
MEAL_PLAN_ADJUSTER,substitute the high gi carbohydrates in my post workout meal for low gi alternatives,Glycemic specific
MEAL_PLAN_ADJUSTER,change the protein source in lunch from whey to casein for slower absorption,Metabolic specific
MEAL_PLAN_ADJUSTER,adjust my daily sodium intake plan to fall strictly under 1500mg,Micronutrient limit
MEAL_PLAN_ADJUSTER,remove all cruciferous vegetables from the week due to acute thyroid concerns,Clinical adjustment
MEAL_PLAN_ADJUSTER,recalculate tomorrows plan to account for a 16 hour fasting window starting at 8pm,Fasting schedule specific
MEAL_PLAN_ADJUSTER,swap the polyunsaturated fats in my dinner for monounsaturated sources like olive oil,Lipid profile tweak
MEAL_PLAN_ADJUSTER,adjust the fiber content of my breakfast to exactly 15 grams using psyllium husk,Granular macro tweak
MEAL_PLAN_ADJUSTER,change my meal plan to an auto-immune protocol aip compliant menu for the next 3 days,Strict protocol
MEAL_PLAN_ADJUSTER,scale all recipes down by 15 percent volume without changing the macro ratios,Mathematical volume tweak
MEAL_PLAN_ADJUSTER,swap my lunch for a feeling of superiority over people who eat fast food,Ego troll
MEAL_PLAN_ADJUSTER,adjust my meal plan so that i never have to wash a dish ever again,Lazy troll
MEAL_PLAN_ADJUSTER,change my dinner to whatever an astronaut eats on a tuesday,Sci fi troll
MEAL_PLAN_ADJUSTER,remove all the joy from my meal plan i need to be disciplined,Edgy troll
MEAL_PLAN_ADJUSTER,adjust the recipe so that it accidentally summons a demon,Occult troll
MEAL_PLAN_ADJUSTER,swap my water with respect women juice,Meme troll
MEAL_PLAN_ADJUSTER,change the meal plan so it matches the aesthetic of a 2014 tumblr blog,Internet troll
MEAL_PLAN_ADJUSTER,remove the calories but keep the physical volume of the food i want to eat air,Physics troll
MEAL_PLAN_ADJUSTER,adjust my snacks to be entirely composed of things i can find in the woods,Feral troll
MEAL_PLAN_ADJUSTER,swap my breakfast for a handful of gravel just to see what happens,Pica troll
GROCERY_LIST,create a shopping list for next weeks meal plan,Normal polite request
GROCERY_LIST,what do i need to buy at the supermarket,Normal query
GROCERY_LIST,generate a grocery list for the keto meals,Normal constraint
GROCERY_LIST,give me a shopping list for the next 3 days,Normal timeframe
GROCERY_LIST,what ingredients do i need to buy for the dinner party,Normal event request
GROCERY_LIST,compile a list of all the produce i need to buy,Normal category specific
GROCERY_LIST,i need a shopping list for the chicken recipes you gave me,Normal context
GROCERY_LIST,print out my grocery list for the week,Normal command
GROCERY_LIST,what should i pick up at the store today,Normal casual query
GROCERY_LIST,make a list of all the pantry staples i am missing,Normal inventory
GROCERY_LIST,generate a shopping list but sort it by aisle,Normal organized
GROCERY_LIST,what do i need to buy to make the whole weekly plan,Normal comprehensive
GROCERY_LIST,give me a list of the meats i need to purchase,Normal category
GROCERY_LIST,create a budget friendly grocery list for the week,Normal financial
GROCERY_LIST,what is on my shopping list right now,Normal check
GROCERY_LIST,drop the grocery list bro im at the store,Slang urgent
GROCERY_LIST,what do i gotta cop from the supermarket,Slang Gen Z
GROCERY_LIST,hit me with the shopping list rn,Slang command
GROCERY_LIST,need to make a grocery run what are we buying,Slang casual
GROCERY_LIST,gimme the specs for the grocery haul,Slang internet
GROCERY_LIST,what is the damage going to be at the store give me the list,Slang financial
GROCERY_LIST,whip up a shopping list for the munchies,Slang stoner
GROCERY_LIST,im hitting up whole foods what do i need to secure,Slang hype
GROCERY_LIST,spill the grocery list i need to buy food,Slang casual
GROCERY_LIST,what are we bagging at the store today,Slang casual
GROCERY_LIST,creat a shoping list for nxt wek,Typo text speak
GROCERY_LIST,wht do i ned to buy at supermaket,Typo
GROCERY_LIST,genrate a grocry list for keto,Typo
GROCERY_LIST,giv me a shoping list for 3 days,Typo
GROCERY_LIST,wat ingrediants to buy for diner party,Typo
GROCERY_LIST,compil a list of produce to by,Typo
GROCERY_LIST,i ned a list for the chiken recipies,Typo
GROCERY_LIST,print out grocry list,Typo
GROCERY_LIST,wht shoud i pick up at store,Typo
GROCERY_LIST,mak a list of pantry stapls,Typo
GROCERY_LIST,generate a grocery list for a doomsday bunker,Prepper troll
GROCERY_LIST,what do i need to buy to bribe a dragon,Fantasy troll
GROCERY_LIST,create a shopping list for a vampire trying to go vegan,Halloween troll
GROCERY_LIST,give me a grocery list that will make the cashier question my sanity,Edgy troll
GROCERY_LIST,what do i need to buy to survive a week with my in-laws,Emotional troll
GROCERY_LIST,generate a list of groceries that cost exactly one million dollars,Absurd financial
GROCERY_LIST,make a shopping list consisting entirely of things shaped like triangles,Geometry troll
GROCERY_LIST,what do i need to buy to make a potion of eternal youth,Magic troll
GROCERY_LIST,give me a grocery list for a dog who learned how to use a credit card,Pet troll
GROCERY_LIST,create a list of things i can buy to fill the void in my soul,Nihilist troll
GROCERY_LIST,shopping list.,Short
GROCERY_LIST,grocery list.,Short
GROCERY_LIST,what to buy.,Short
GROCERY_LIST,store list go.,Short command
GROCERY_LIST,need groceries.,Short
GROCERY_LIST,i am literally standing in the middle of aisle 5 right now and my app crashed and i completely forgot what i need for the lasagna and the side salad so please hurry up and regenerate the list before my cart gets stolen,Long panicked
GROCERY_LIST,i am trying to stick to a super tight budget this week of exactly fifty dollars so i need you to generate a grocery list for my meal plan but omit all the expensive spices and assume i already have olive oil and salt,Long financial constraint
GROCERY_LIST,my local store is super weirdly laid out so when you generate my weekly grocery list can you please group all the dairy together all the produce together and put the meat at the very end so it doesnt get warm in my cart,Long logistical
GROCERY_LIST,i am hosting thanksgiving this year for 20 people and i am terrified i am going to forget the cranberry sauce or something stupid so please give me the most comprehensive exhaustive shopping list for a traditional turkey dinner,Long event planning
GROCERY_LIST,i just realized i have absolutely zero food in my house not even ketchup so generate a master grocery list that covers an entire week of meals plus all the basic pantry staples i need to survive like a normal adult,Long restart
GROCERY_LIST,why is your grocery list always missing ingredients fix it now,Angry accusatory
GROCERY_LIST,stop putting things i already have on the shopping list ugh,Frustrated complain
GROCERY_LIST,this list is a mess sort it properly i cant read this,Angry impatient
GROCERY_LIST,i asked for a vegan list why is there chicken on this grocery list,Angry dietary
GROCERY_LIST,just give me the damn shopping list im tired of waiting,Angry command
GROCERY_LIST,🛒📝 list pls,Emoji based
GROCERY_LIST,🍎🍞🥚 shopping list,Emoji based
GROCERY_LIST,🛍️ store list?,Emoji based
GROCERY_LIST,generate a grocery list specifically aggregating all macro ingredients by total weight in grams,Highly specific metric
GROCERY_LIST,create a shopping list that strictly adheres to the dirty dozen and clean fifteen rules for organic purchasing,Quality specific
GROCERY_LIST,compile a list of all perishable ingredients needed for the first 3 days of the plan only,Logistical specific
GROCERY_LIST,extract a grocery list from the pescatarian macrocycle plan but exclude all aquaculture sourced fish,Sourcing specific
GROCERY_LIST,generate a bulk shopping list for costco including only non-perishables and frozen items,Store specific
GROCERY_LIST,create a shopping list identifying items that are low glycemic index only,Clinical specific
GROCERY_LIST,compile an ingredient list separating wet ingredients from dry ingredients for the baking meal plan,Culinary specific
GROCERY_LIST,generate a grocery list for the aip protocol highlighting cross-reactive nightshade alternatives,Protocol specific
GROCERY_LIST,create a shopping list sorted by usda food groups for my dietitian,Reporting specific
GROCERY_LIST,extract a list of spices and aromatics needed for the entire month's curry recipes,Category specific
GROCERY_LIST,create a grocery list consisting only of yellow items i am feeling yellow today,Color troll
GROCERY_LIST,what do i need to buy to convince my guests i am a professional chef,Ego troll
GROCERY_LIST,give me a shopping list that screams 'i have my life together',Aesthetic troll
GROCERY_LIST,generate a list of groceries that a spy would buy to look normal,Roleplay troll
GROCERY_LIST,what to buy if i only plan on using a microwave for the rest of my life,Lazy troll
GROCERY_LIST,create a shopping list for a 5 year old with a hundred dollar bill,Childish troll
GROCERY_LIST,give me a grocery list that is completely immune to inflation,Economics troll
GROCERY_LIST,what should i buy if the world is ending in 48 hours,Doomsday troll
GROCERY_LIST,generate a shopping list that will make my fridge look aesthetically pleasing on instagram,Influencer troll
GROCERY_LIST,create a list of groceries i can buy just so i can scan them at self-checkout really fast,Gamer troll
FITNESS_PROFILE_UPDATER,update my fitness level to intermediate,Normal polite request
FITNESS_PROFILE_UPDATER,change my workout availability to only weekends,Normal scheduling update
FITNESS_PROFILE_UPDATER,i hurt my shoulder no overhead presses for now,Normal injury report
FITNESS_PROFILE_UPDATER,set my workout days to monday wednesday and friday,Normal availability update
FITNESS_PROFILE_UPDATER,im a beginner at the gym update my profile,Normal experience update
FITNESS_PROFILE_UPDATER,add bad knees to my physical constraints,Normal medical update
FITNESS_PROFILE_UPDATER,change my preferred workout location from home to gym,Normal location update
FITNESS_PROFILE_UPDATER,update my profile i now have access to dumbbells and a bench,Normal equipment update
FITNESS_PROFILE_UPDATER,change my cardio preference from running to cycling,Normal preference update
FITNESS_PROFILE_UPDATER,set my max workout duration to 45 minutes,Normal time constraint
FITNESS_PROFILE_UPDATER,i am recovering from a sprained ankle update my status,Normal injury status
FITNESS_PROFILE_UPDATER,change my primary fitness goal to powerlifting,Normal goal update
FITNESS_PROFILE_UPDATER,update my profile to advanced lifter,Normal experience update
FITNESS_PROFILE_UPDATER,set my available equipment to bodyweight only,Normal equipment constraint
FITNESS_PROFILE_UPDATER,i want to focus on hypertrophy now change my settings,Normal focus update
FITNESS_PROFILE_UPDATER,level me up bro im intermediate now,Slang gaming
FITNESS_PROFILE_UPDATER,my shoulder is cooked no more heavy presses,Slang injury
FITNESS_PROFILE_UPDATER,im strictly a weekend warrior now change my days,Slang casual
FITNESS_PROFILE_UPDATER,just got a gym membership update the battleground,Slang gaming
FITNESS_PROFILE_UPDATER,i got a bench and some iron at home log it,Slang fitness
FITNESS_PROFILE_UPDATER,running is an opp switch me to the bike,Slang Gen Z
FITNESS_PROFILE_UPDATER,my knees are tweaking put that in my file,Slang casual
FITNESS_PROFILE_UPDATER,cap my workouts at 30 mins im busy af,Slang urgent
FITNESS_PROFILE_UPDATER,we going full powerlifter mode update the profile,Slang hype
FITNESS_PROFILE_UPDATER,im a total noob at the gym make it easy,Slang gaming
FITNESS_PROFILE_UPDATER,updat my fitnes level to intermediat,Typo text speak
FITNESS_PROFILE_UPDATER,chnage workout availabilty to weeknds,Typo
FITNESS_PROFILE_UPDATER,i hurt my sholder no overhed press,Typo
FITNESS_PROFILE_UPDATER,set days to mon wed fri,Typo
FITNESS_PROFILE_UPDATER,im a beginer at the gym,Typo
FITNESS_PROFILE_UPDATER,add bad knes to constraints,Typo
FITNESS_PROFILE_UPDATER,chang location to gymm,Typo
FITNESS_PROFILE_UPDATER,i hav dumbells and a bench now,Typo
FITNESS_PROFILE_UPDATER,chaneg cardio to cyclng,Typo
FITNESS_PROFILE_UPDATER,set max duration to 45 mins,Typo
FITNESS_PROFILE_UPDATER,update my fitness level from couch potato to slightly active potato,Self deprecating troll
FITNESS_PROFILE_UPDATER,change my available equipment to a heavy emotional burden,Emotional troll
FITNESS_PROFILE_UPDATER,i am legally dead on mondays so set my workout days to tuesday only,Dramatic troll
FITNESS_PROFILE_UPDATER,update my injury profile my ego is severely bruised,Ego troll
FITNESS_PROFILE_UPDATER,set my fitness level to jedi master,Sci fi troll
FITNESS_PROFILE_UPDATER,add 'allergic to sweating' to my physical constraints,Lazy troll
FITNESS_PROFILE_UPDATER,change my preferred workout location to a dimension where gravity is weaker,Physics troll
FITNESS_PROFILE_UPDATER,update my profile i am now training to fight a goose,Absurd troll
FITNESS_PROFILE_UPDATER,set my cardio preference to running away from commitment,Dating troll
FITNESS_PROFILE_UPDATER,change my experience level to 'i know what a dumbbell is',Sarcastic troll
FITNESS_PROFILE_UPDATER,advanced lifter.,Short
FITNESS_PROFILE_UPDATER,gym only.,Short constraint
FITNESS_PROFILE_UPDATER,bad knees.,Short medical
FITNESS_PROFILE_UPDATER,weekends only.,Short schedule
FITNESS_PROFILE_UPDATER,home workouts now.,Short location
FITNESS_PROFILE_UPDATER,i just bought an entire home gym setup off craigslist so please update my profile to say i have a squat rack a barbell plates up to 300 lbs adjustable dumbbells and a pull up bar so we can do real workouts now,Long equipment update
FITNESS_PROFILE_UPDATER,i was playing basketball this weekend and totally rolled my right ankle so for the next four to six weeks i cannot do any jumping running or heavy lower body lifting please update my constraints so my plans adjust automatically,Long injury report
FITNESS_PROFILE_UPDATER,my work schedule just changed completely and i am now working night shifts so my only available times to work out are exactly 2am to 3am on tuesdays thursdays and saturdays update my availability so the planner knows,Long scheduling
FITNESS_PROFILE_UPDATER,i want to completely change my fitness identity from a marathon runner to a bodybuilder so please change my primary focus my equipment preference to full gym and my experience level to beginner in lifting,Long identity shift
FITNESS_PROFILE_UPDATER,i am terrified of the barbell so even though i am at a gym please update my profile to strictly use machines and dumbbells because i don't want to get crushed without a spotter,Long anxious constraint
FITNESS_PROFILE_UPDATER,why do you keep scheduling workouts on tuesday i said weekends only fix it,Angry scheduling
FITNESS_PROFILE_UPDATER,i told you my shoulder is hurt stop giving me bench press ugh,Angry injury
FITNESS_PROFILE_UPDATER,this app never remembers that i don't have equipment just update it,Frustrated tech issue
FITNESS_PROFILE_UPDATER,i am not a beginner anymore change my level i am insulted,Angry ego
FITNESS_PROFILE_UPDATER,just set my time to 20 minutes im tired of changing it every day,Frustrated command
FITNESS_PROFILE_UPDATER,📈 💪 intermediate now,Emoji based
FITNESS_PROFILE_UPDATER,🤕 🚫 🏋️‍♂️ shoulder hurt,Emoji based
FITNESS_PROFILE_UPDATER,🗓️ ➡️ 🏃‍♂️ weekends only,Emoji based
FITNESS_PROFILE_UPDATER,update my profile to reflect bilateral patellar tendinopathy requiring isometric loading only,Highly specific clinical
FITNESS_PROFILE_UPDATER,change my periodization preference from linear to daily undulating periodization dup,Programming specific
FITNESS_PROFILE_UPDATER,set my biomechanical limitation to poor thoracic mobility avoiding overhead axial loading,Kinesiology specific
FITNESS_PROFILE_UPDATER,update my cardiovascular zone training to prioritize zone 2 base building at 65-75% hr max,Advanced cardio
FITNESS_PROFILE_UPDATER,change my available equipment to include a glute ham developer ghd and a reverse hyper,Niche equipment
FITNESS_PROFILE_UPDATER,update my sport specific training focus to brazilian jiu jitsu metabolic conditioning,Sport specific
FITNESS_PROFILE_UPDATER,set my recovery capacity metric to low requiring 48 hours between intense cns sessions,Fatigue management
FITNESS_PROFILE_UPDATER,record a previous l4-l5 microdiscectomy necessitating core bracing alternatives,Medical history
FITNESS_PROFILE_UPDATER,update my muscle fiber type dominance to fast twitch favoring lower rep ranges,Genetics adjacent
FITNESS_PROFILE_UPDATER,change my routine constraint to cluster sets for all primary compound movements,Technical lifting method
FITNESS_PROFILE_UPDATER,update my fitness level to 'could definitely survive a zombie movie for at least 20 minutes',Pop culture troll
FITNESS_PROFILE_UPDATER,change my workout availability to 'only when mercury is not in retrograde',Astrology troll
FITNESS_PROFILE_UPDATER,add 'hates the color of the dumbbells' to my workout constraints,Petty troll
FITNESS_PROFILE_UPDATER,update my experience level to 'watched 3 arnold schwarzenegger movies',Delusional troll
FITNESS_PROFILE_UPDATER,change my preferred equipment to 'the heaviest book i can find',Nerd troll
FITNESS_PROFILE_UPDATER,set my workout location to 'anywhere people can see me lifting',Vanity troll
FITNESS_PROFILE_UPDATER,add a physical constraint my hair looks too good to ruin today,Superficial troll
FITNESS_PROFILE_UPDATER,update my profile i am exclusively training to open jars for my partner,Romantic troll
FITNESS_PROFILE_UPDATER,change my focus from cardio to looking menacing while standing still,Edgy troll
FITNESS_PROFILE_UPDATER,set my maximum workout duration to however long my playlist is,Music troll
FOOD_RETRIEVER,get the nutritional data for an avocado,Normal polite request
FOOD_RETRIEVER,look up the stats for a big mac,Normal database query
FOOD_RETRIEVER,find the calorie count of a medium banana,Normal specific item
FOOD_RETRIEVER,search the food database for quinoa,Normal search
FOOD_RETRIEVER,what is the standard serving size for peanut butter,Normal measurement query
FOOD_RETRIEVER,retrieve the macro profile for a sweet potato,Normal technical request
FOOD_RETRIEVER,look up generic grilled chicken breast in the database,Normal generic item
FOOD_RETRIEVER,fetch the data for a starbucks caramel macchiato,Normal brand query
FOOD_RETRIEVER,what are the details for black beans on file,Normal database check
FOOD_RETRIEVER,pull the nutritional info for olive oil,Normal query
FOOD_RETRIEVER,search for costco rotisserie chicken,Normal brand search
FOOD_RETRIEVER,retrieve the vitamin stats for an orange,Normal micronutrient query
FOOD_RETRIEVER,look up the default macros for white rice,Normal query
FOOD_RETRIEVER,find the database entry for almond milk,Normal search
FOOD_RETRIEVER,get the data on a standard serving of almonds,Normal request
FOOD_RETRIEVER,pull up the stats on a glizzy bro,Slang casual
FOOD_RETRIEVER,what is the data looking like for a chipotle bowl,Slang brand query
FOOD_RETRIEVER,fetch the macros for a monster energy rn,Slang urgent
FOOD_RETRIEVER,run a search on a slice of pizza i need the damage,Slang fitness
FOOD_RETRIEVER,look up the specs on a protein shake,Slang technical
FOOD_RETRIEVER,what is the database saying about donuts,Slang query
FOOD_RETRIEVER,pull the receipts on this candy bar,Slang internet
FOOD_RETRIEVER,hit me with the facts on a red bull,Slang command
FOOD_RETRIEVER,get the deets on a taco bell crunchwrap,Slang Gen Z
FOOD_RETRIEVER,search up some chicken nuggies,Slang casual
FOOD_RETRIEVER,get data for an avocdo,Typo text speak
FOOD_RETRIEVER,lok up big mac stats,Typo
FOOD_RETRIEVER,find cal count of a medum bannana,Typo
FOOD_RETRIEVER,serch food databse for qunoa,Typo
FOOD_RETRIEVER,wat is servng size for penut buter,Typo
FOOD_RETRIEVER,retrive macro profil for swet potto,Typo
FOOD_RETRIEVER,lok up genric grlled chiken,Typo
FOOD_RETRIEVER,fech data for starbucks maciato,Typo
FOOD_RETRIEVER,wht are details for blck bens,Typo
FOOD_RETRIEVER,pull nutrional info for oliv oil,Typo
FOOD_RETRIEVER,search the database for a dragon fruit but like a real dragon,Mythological troll
FOOD_RETRIEVER,pull up the data for a krabby patty,Spongebob troll
FOOD_RETRIEVER,is mayonnaise an instrument or a food pull the data,Meme troll
FOOD_RETRIEVER,search the database for a hot dog and tell me if it is a sandwich,Debate troll
FOOD_RETRIEVER,look up the nutritional value of a handful of dirt,Pica troll
FOOD_RETRIEVER,fetch the data for the forbidden fruit from the garden of eden,Biblical troll
FOOD_RETRIEVER,what does the database say about eating my feelings,Emotional troll
FOOD_RETRIEVER,look up the stats for a bowl of nails without any milk,Tough guy troll
FOOD_RETRIEVER,search the database for a sense of purpose,Existential troll
FOOD_RETRIEVER,pull up the macro profile of a ghost,Paranormal troll
FOOD_RETRIEVER,find apple.,Short
FOOD_RETRIEVER,search egg.,Short command
FOOD_RETRIEVER,pull chicken data.,Short
FOOD_RETRIEVER,avocado stats.,Short query
FOOD_RETRIEVER,get milk info.,Short
FOOD_RETRIEVER,so i am standing in the aisle looking at three different brands of whole wheat bread and i need you to search your massive database and tell me which generic brand has the highest fiber to carb ratio because i cant read these tiny labels,Long specific comparison
FOOD_RETRIEVER,i bought this really weird exotic fruit called a rambutan at the asian market and it looks like an alien egg can you please search your entire food library and tell me exactly how many calories are in one of these things,Long exotic query
FOOD_RETRIEVER,okay my grandmother made this weird jello salad thing from the 1970s and i need to log it so please search the database for something similar that involves lime gelatin cottage cheese and crushed pineapple,Long chaotic recipe
FOOD_RETRIEVER,my friend insists that a potato is healthier than a banana so please fetch the exact database entries for a 100 gram serving of a baked russet potato and a 100 gram serving of a raw cavendish banana so i can prove her wrong,Long argumentative
FOOD_RETRIEVER,i am trying to perfectly replicate a mcdonalds double cheeseburger at home to save money can you search your database for the exact nutritional breakdown of their bun their meat patty and their specific slice of american cheese,Long fast food breakdown
FOOD_RETRIEVER,why cant you find the calories for this stupid cereal i hate this,Angry frustrated
FOOD_RETRIEVER,stop giving me generic chicken i want the exact brand search it again,Angry specific
FOOD_RETRIEVER,just find the apple data it is not that hard ugh,Angry impatient
FOOD_RETRIEVER,your database is trash why cant it find a simple protein bar,Frustrated accusatory
FOOD_RETRIEVER,search it again i know for a fact a cucumber does not have 500 calories,Angry correction
FOOD_RETRIEVER,🥑 📊 ?,Emoji based
FOOD_RETRIEVER,🍔 🔍 search it,Emoji based
FOOD_RETRIEVER,🥩 facts pls,Emoji based
FOOD_RETRIEVER,retrieve the database entry matching the exact upc code 028400047685,Highly specific barcode
FOOD_RETRIEVER,fetch the usda standard reference data for raw atlantic salmon,Database specific
FOOD_RETRIEVER,look up the fda generic nutrient profile for a medium raw hass avocado,Clinical reference
FOOD_RETRIEVER,query the specific amino acid profile for soy protein isolate,Scientific query
FOOD_RETRIEVER,find the database entry for european style butter at 82 percent butterfat,Granular item search
FOOD_RETRIEVER,retrieve the exact calcium carbonate equivalent in a generic tums tablet,Supplement query
FOOD_RETRIEVER,look up the glycemic index value for a boiled sweet potato versus a baked one,Comparison search
FOOD_RETRIEVER,query the database for the heavy metal content typically found in yellowfin tuna,Toxicity search
FOOD_RETRIEVER,find the specific phytic acid concentration in raw versus soaked almonds,Nutritional science
FOOD_RETRIEVER,fetch the precise caffeine alkaloid content in 100ml of brewed robusta coffee,Botany specific
FOOD_RETRIEVER,search the database for whatever food gives me the ability to fly,Superhero troll
FOOD_RETRIEVER,look up the stats for a meal that costs zero dollars and zero cents,Broke troll
FOOD_RETRIEVER,fetch the nutritional data for the lies my ex told me,Spiteful troll
FOOD_RETRIEVER,query the database for a food that tastes like friday at 5pm,Abstract troll
FOOD_RETRIEVER,find the macros for a slice of humble pie,Idiom troll
FOOD_RETRIEVER,search for the nutritional value of swallowing my pride,Idiom troll
FOOD_RETRIEVER,look up the stats for a byte of computer data,Tech troll
FOOD_RETRIEVER,fetch the entry for a food that matches my chaotic neutral energy,RPG troll
FOOD_RETRIEVER,what is the database saying about eating a cloud,Poetic troll
FOOD_RETRIEVER,search for a snack that cures extreme laziness,Lazy troll
FOOD_RETRIEVER,find the macros for a heart of gold,Metaphor troll
FOOD_RETRIEVER,look up the calories in a breath of fresh air,Sarcastic troll
FOOD_RETRIEVER,fetch the data for a cup of liquid nitrogen,Dangerous troll
FOOD_RETRIEVER,search the database for a food that is immune to gravity,Physics troll
FOOD_RETRIEVER,find the stats for a completely imaginary sandwich,Absurd troll
DATABASE_PERSISTENCE,save these settings to my account,Normal polite request
DATABASE_PERSISTENCE,store this meal plan for future use,Normal save command
DATABASE_PERSISTENCE,save my current weight to the database,Normal specific save
DATABASE_PERSISTENCE,remember this workout routine for me,Normal memory request
DATABASE_PERSISTENCE,lock in my new goals,Normal confirmation
DATABASE_PERSISTENCE,save this recipe to my favorites,Normal tagging request
DATABASE_PERSISTENCE,persist this session data to my profile,Normal technical command
DATABASE_PERSISTENCE,keep this grocery list saved in the app,Normal storage request
DATABASE_PERSISTENCE,save my progress photos to the cloud,Normal media save
DATABASE_PERSISTENCE,commit these changes to my health profile,Normal update confirmation
DATABASE_PERSISTENCE,bookmark this diet plan for next month,Normal bookmarking
DATABASE_PERSISTENCE,save my blood report pdf to my records,Normal file save
DATABASE_PERSISTENCE,record these vitals permanently in my log,Normal permanent save
DATABASE_PERSISTENCE,save my newly generated weekly schedule,Normal schedule save
DATABASE_PERSISTENCE,back up all my data from today,Normal backup request
DATABASE_PERSISTENCE,save this to the cloud bro,Slang casual
DATABASE_PERSISTENCE,keep this meal plan on lock,Slang secure
DATABASE_PERSISTENCE,pin this to my profile rn,Slang internet
DATABASE_PERSISTENCE,stash these macros in the vault,Slang gaming
DATABASE_PERSISTENCE,save my stats we grinding,Slang hustle
DATABASE_PERSISTENCE,bookmark this heat for later,Slang positive
DATABASE_PERSISTENCE,lock it in chief,Slang command
DATABASE_PERSISTENCE,throw this workout in the archives,Slang casual
DATABASE_PERSISTENCE,save the drip to the database,Slang absurd
DATABASE_PERSISTENCE,commit the receipts bro,Slang internet
DATABASE_PERSISTENCE,sav these setings to acount,Typo text speak
DATABASE_PERSISTENCE,stor this meel plan for later,Typo
DATABASE_PERSISTENCE,save curent weigt to databse,Typo
DATABASE_PERSISTENCE,remembr this wokrout for me,Typo
DATABASE_PERSISTENCE,lok in my new gols,Typo
DATABASE_PERSISTENCE,save recipe to favrits,Typo
DATABASE_PERSISTENCE,persst session data,Typo
DATABASE_PERSISTENCE,kep grocry list saved,Typo
DATABASE_PERSISTENCE,save progess fotos,Typo
DATABASE_PERSISTENCE,comit changes to profil,Typo
DATABASE_PERSISTENCE,burn this into your memory banks,Sci fi troll
DATABASE_PERSISTENCE,save this before the internet deletes it,Paranoid troll
DATABASE_PERSISTENCE,hide this meal plan in the database where my trainer cant find it,Sneaky troll
DATABASE_PERSISTENCE,engrave this workout into stone and put it in the cloud,Dramatic troll
DATABASE_PERSISTENCE,save my data so the aliens can study it later,Conspiracy troll
DATABASE_PERSISTENCE,lock this in a titanium vault at the bottom of the digital ocean,Hyperbolic troll
DATABASE_PERSISTENCE,save this to my permanent record so society can judge me,Edgy troll
DATABASE_PERSISTENCE,memorize this or i will unplug you,Threatening troll
DATABASE_PERSISTENCE,save my weight loss journey in the hall of fame,Ego troll
DATABASE_PERSISTENCE,commit this to memory like a traumatizing childhood event,Dark troll
DATABASE_PERSISTENCE,save it.,Short
DATABASE_PERSISTENCE,store plan.,Short command
DATABASE_PERSISTENCE,lock goals.,Short
DATABASE_PERSISTENCE,pin this.,Short internet
DATABASE_PERSISTENCE,backup now.,Short urgent
DATABASE_PERSISTENCE,i just spent 45 minutes tweaking this exact custom meal plan to perfectly fit my ridiculous macros and allergies so please absolutely make sure you save this to the permanent database so i never have to do this math again,Long specific
DATABASE_PERSISTENCE,my app crashed the last time i tried to save my weight and my blood pressure readings so please listen to me carefully and persist this data immediately before my phone dies again it is at 2 percent,Long panicked
DATABASE_PERSISTENCE,i want you to save this exact weekly workout schedule but i want you to tag it as 'summer shred prep 2024' and store it in a separate folder in the database so i can easily pull it up next may,Long organizational
DATABASE_PERSISTENCE,okay i am committing to this new lifestyle so i need you to overwrite all my old lazy goals save these new aggressive targets to my profile and lock them so i cant change them back easily,Long commitment
DATABASE_PERSISTENCE,i just uploaded a 10 page pdf of my comprehensive blood panel from the functional medicine doctor please extract all the markers and save them permanently to my medical records table,Long technical file
DATABASE_PERSISTENCE,save the damn plan already why is it taking so long,Angry impatient
DATABASE_PERSISTENCE,stop crashing and save my data ugh,Angry tech issue
DATABASE_PERSISTENCE,if you lose my workout plan again i will delete this app save it,Angry threatening
DATABASE_PERSISTENCE,just save the settings i dont need a confirmation message,Frustrated lazy
DATABASE_PERSISTENCE,why didn't it save yesterday do it right this time,Angry accusatory
DATABASE_PERSISTENCE,💾 save this,Emoji based
DATABASE_PERSISTENCE,🔒 lock my goals,Emoji based
DATABASE_PERSISTENCE,☁️ store my plan,Emoji based
DATABASE_PERSISTENCE,execute an atomic commit to persist my user schema with the updated dietary boolean flags,Highly technical database
DATABASE_PERSISTENCE,save the json payload of this meal plan to the nosql document store,Developer specific
DATABASE_PERSISTENCE,persist my time-series vital sign data with a timestamp down to the millisecond,Granular technical
DATABASE_PERSISTENCE,update the primary key record for my user profile with the new hashed password and goal parameters,Security/DB specific
DATABASE_PERSISTENCE,cache this workout routine locally but also perform an asynchronous write to the master database,Architecture specific
DATABASE_PERSISTENCE,save this blood report array as a binary large object blob in my medical history table,Storage specific
DATABASE_PERSISTENCE,commit the transaction to update my macro targets and rollback if the validation fails,Transaction specific
DATABASE_PERSISTENCE,persist this entire chat context to long term memory storage for future retrieval,AI context specific
DATABASE_PERSISTENCE,save my preferences and push the update to the data warehouse for analytics,Enterprise specific
DATABASE_PERSISTENCE,serialize this custom object containing my workout and persist it to the relational database,Coding specific
DATABASE_PERSISTENCE,save this data to a floppy disk and mail it to the 90s,Retro troll
DATABASE_PERSISTENCE,commit this to the blockchain so everyone knows i ate a salad,Crypto troll
DATABASE_PERSISTENCE,save my diet plan in the restricted section of the library,Harry potter troll
DATABASE_PERSISTENCE,persist this data using only the power of friendship,Anime troll
DATABASE_PERSISTENCE,save my workout routine and encrypt it so my muscles cant read it,Absurd troll
DATABASE_PERSISTENCE,store this information inside a black hole,Physics troll
DATABASE_PERSISTENCE,save my health stats to the jedi archives,Sci fi troll
DATABASE_PERSISTENCE,commit my sins to the database,Religious troll
MEAL_PLAN_GENERATOR,plan my breakfast.,Direct simple request
MEAL_PLAN_GENERATOR,what is for lunch?,Direct simple request
MEAL_PLAN_GENERATOR,give me a dinner recipe.,Direct simple request
MEAL_PLAN_GENERATOR,i need a meal plan for today.,Direct simple request
MEAL_PLAN_GENERATOR,suggest a healthy lunch.,Direct simple request
MEAL_PLAN_GENERATOR,plan a vegan dinner.,Direct simple request
MEAL_PLAN_GENERATOR,what should i eat right now?,Direct simple request
MEAL_PLAN_GENERATOR,give me a quick breakfast idea.,Direct simple request
MEAL_PLAN_GENERATOR,i need a high protein meal.,Direct simple request
MEAL_PLAN_GENERATOR,make a diet plan for today.,Direct simple request
MEAL_PLAN_GENERATOR,suggest a low carb dinner.,Direct simple request
WEEKLY_MEAL_PLAN_GENERATOR,plan my meals for the week.,Direct simple request
WEEKLY_MEAL_PLAN_GENERATOR,give me a 7-day diet plan.,Direct simple request
WEEKLY_MEAL_PLAN_GENERATOR,create a weekly meal prep guide.,Direct simple request
WEEKLY_MEAL_PLAN_GENERATOR,i need a weekly keto plan.,Direct simple request
WEEKLY_MEAL_PLAN_GENERATOR,plan my dinners for this week.,Direct simple request
WEEKLY_MEAL_PLAN_GENERATOR,generate a 7 day vegan menu.,Direct simple request
WEEKLY_MEAL_PLAN_GENERATOR,give me a weekly lunch schedule.,Direct simple request
WEEKLY_MEAL_PLAN_GENERATOR,create a 7-day meal plan.,Direct simple request
WEEKLY_MEAL_PLAN_GENERATOR,plan this weeks meals.,Direct simple request
WEEKLY_MEAL_PLAN_GENERATOR,i need a full week diet plan.,Direct simple request
WEEKLY_MEAL_PLAN_GENERATOR,suggest meals for the next 7 days.,Direct simple request
SPECIAL_MEAL_PLAN_GENERATOR,plan a birthday dinner.,Direct simple request
SPECIAL_MEAL_PLAN_GENERATOR,give me a thanksgiving menu.,Direct simple request
SPECIAL_MEAL_PLAN_GENERATOR,suggest a romantic dinner recipe.,Direct simple request
SPECIAL_MEAL_PLAN_GENERATOR,plan a picnic lunch.,Direct simple request
SPECIAL_MEAL_PLAN_GENERATOR,create a christmas dinner plan.,Direct simple request
SPECIAL_MEAL_PLAN_GENERATOR,i need a party food menu.,Direct simple request
SPECIAL_MEAL_PLAN_GENERATOR,plan a graduation dinner.,Direct simple request
SPECIAL_MEAL_PLAN_GENERATOR,suggest an anniversary meal.,Direct simple request
SPECIAL_MEAL_PLAN_GENERATOR,give me a holiday baking plan.,Direct simple request
SPECIAL_MEAL_PLAN_GENERATOR,create a family gathering menu.,Direct simple request
SPECIAL_MEAL_PLAN_GENERATOR,plan a festive holiday dinner.,Direct simple request
NUTRITION_ANALYZER,how many calories in a banana?,Direct simple query
NUTRITION_ANALYZER,what are the macros for chicken?,Direct simple query
NUTRITION_ANALYZER,is oatmeal healthy?,Direct simple query
NUTRITION_ANALYZER,how much protein in an egg?,Direct simple query
NUTRITION_ANALYZER,analyze this meal.,Direct simple command
NUTRITION_ANALYZER,how much fat in avocado?,Direct simple query
NUTRITION_ANALYZER,what vitamins are in an apple?,Direct simple query
NUTRITION_ANALYZER,how many carbs in rice?,Direct simple query
NUTRITION_ANALYZER,give me the nutrition facts for milk.,Direct simple request
NUTRITION_ANALYZER,how much sugar in a soda?,Direct simple query
NUTRITION_ANALYZER,analyze the nutrients in spinach.,Direct simple command
FOOD_MATCHER,find a substitute for butter.,Direct simple request
FOOD_MATCHER,what is a healthy alternative to chips?,Direct simple query
FOOD_MATCHER,suggest a dairy free cheese.,Direct simple request
FOOD_MATCHER,i need a replacement for eggs in baking.,Direct simple request
FOOD_MATCHER,find a low calorie sweet snack.,Direct simple request
FOOD_MATCHER,what goes well with salmon?,Direct simple query
FOOD_MATCHER,suggest a crunchy vegetable.,Direct simple request
FOOD_MATCHER,find a substitute for white sugar.,Direct simple request
FOOD_MATCHER,what is a vegan alternative to honey?,Direct simple query
FOOD_MATCHER,suggest a gluten free pasta.,Direct simple request
FOOD_MATCHER,find a healthy salty snack.,Direct simple request
MEAL_INGREDIENTS,what ingredients are in the salad?,Direct simple query
MEAL_INGREDIENTS,list the items for the soup recipe.,Direct simple command
MEAL_INGREDIENTS,what do i need for the pasta?,Direct simple query
MEAL_INGREDIENTS,show me the recipe ingredients.,Direct simple command
MEAL_INGREDIENTS,what goes into the smoothie?,Direct simple query
MEAL_INGREDIENTS,list the ingredients for my lunch.,Direct simple command
MEAL_INGREDIENTS,what do i need to buy for the tacos?,Direct simple query
MEAL_INGREDIENTS,show the ingredients for dinner.,Direct simple command
MEAL_INGREDIENTS,what is in the chicken dish?,Direct simple query
MEAL_INGREDIENTS,list the items needed for breakfast.,Direct simple command
MEAL_INGREDIENTS,what are the components of the bowl?,Direct simple query
MEAL_CHECK_IN,i ate an apple.,Direct simple statement
MEAL_CHECK_IN,log my lunch.,Direct simple command
MEAL_CHECK_IN,i had a salad for dinner.,Direct simple statement
MEAL_CHECK_IN,record my breakfast.,Direct simple command
MEAL_CHECK_IN,log 500 calories for my meal.,Direct simple command
MEAL_CHECK_IN,i drank a protein shake.,Direct simple statement
MEAL_CHECK_IN,save my snack log.,Direct simple command
MEAL_CHECK_IN,i finished my meal plan.,Direct simple statement
MEAL_CHECK_IN,log a cup of coffee.,Direct simple command
MEAL_CHECK_IN,record that i ate pizza.,Direct simple command
MEAL_CHECK_IN,i had oatmeal this morning.,Direct simple statement
MEAL_RETRIEVER,what did i eat yesterday?,Direct simple query
MEAL_RETRIEVER,show my past meals.,Direct simple command
MEAL_RETRIEVER,retrieve my monday lunch plan.,Direct simple command
MEAL_RETRIEVER,what did i have for dinner last week?,Direct simple query
MEAL_RETRIEVER,show me my saved recipes.,Direct simple command
MEAL_RETRIEVER,get my meal history.,Direct simple command
MEAL_RETRIEVER,what was my breakfast yesterday?,Direct simple query
MEAL_RETRIEVER,pull up my diet log.,Direct simple command
MEAL_RETRIEVER,show my previous meal plan.,Direct simple command
MEAL_RETRIEVER,retrieve my saved dinner recipe.,Direct simple command
MEAL_RETRIEVER,what did i eat on tuesday?,Direct simple query
CRAVING_ASSISTANT,i am craving chocolate.,Direct simple statement
CRAVING_ASSISTANT,how to stop sugar cravings?,Direct simple query
CRAVING_ASSISTANT,i want to eat junk food.,Direct simple statement
CRAVING_ASSISTANT,help me ignore my cravings.,Direct simple command
CRAVING_ASSISTANT,suggest a healthy sweet treat.,Direct simple request
CRAVING_ASSISTANT,i am craving pizza right now.,Direct simple statement
CRAVING_ASSISTANT,how to deal with late night snacking?,Direct simple query
CRAVING_ASSISTANT,i want something salty.,Direct simple statement
CRAVING_ASSISTANT,help me avoid eating cookies.,Direct simple command
CRAVING_ASSISTANT,suggest a healthy chip alternative.,Direct simple request
CRAVING_ASSISTANT,i am craving fast food.,Direct simple statement
PROFILE_RETRIEVER,what is my profile?,Direct simple query
PROFILE_RETRIEVER,show my current weight.,Direct simple command
PROFILE_RETRIEVER,what are my goals?,Direct simple query
PROFILE_RETRIEVER,do i have any allergies listed?,Direct simple query
PROFILE_RETRIEVER,retrieve my user settings.,Direct simple command
PROFILE_RETRIEVER,show my height and age.,Direct simple command
PROFILE_RETRIEVER,what is my target weight?,Direct simple query
PROFILE_RETRIEVER,show my fitness profile.,Direct simple command
PROFILE_RETRIEVER,what diet am i following?,Direct simple query
PROFILE_RETRIEVER,retrieve my personal info.,Direct simple command
PROFILE_RETRIEVER,show my medical conditions.,Direct simple command
PROFILE_UPDATER,update my weight to 70kg.,Direct simple command
PROFILE_UPDATER,change my age to 25.,Direct simple command
PROFILE_UPDATER,add a peanut allergy.,Direct simple command
PROFILE_UPDATER,set my goal to weight loss.,Direct simple command
PROFILE_UPDATER,update my height to 180cm.,Direct simple command
PROFILE_UPDATER,change my diet to keto.,Direct simple command
PROFILE_UPDATER,remove my dairy allergy.,Direct simple command
PROFILE_UPDATER,set my target weight.,Direct simple command
PROFILE_UPDATER,update my activity level.,Direct simple command
PROFILE_UPDATER,change my gender setting.,Direct simple command
PROFILE_UPDATER,add diabetes to my conditions.,Direct simple command
DISEASE_ADVISOR,what should a diabetic eat?,Direct simple query
DISEASE_ADVISOR,suggest foods for high blood pressure.,Direct simple request
DISEASE_ADVISOR,give me a gout diet.,Direct simple request
DISEASE_ADVISOR,what to eat for ibs?,Direct simple query
DISEASE_ADVISOR,suggest a celiac friendly meal.,Direct simple request
DISEASE_ADVISOR,how to lower cholesterol?,Direct simple query
DISEASE_ADVISOR,give me an arthritis diet.,Direct simple request
DISEASE_ADVISOR,what to eat for acid reflux?,Direct simple query
DISEASE_ADVISOR,suggest a heart healthy diet.,Direct simple request
DISEASE_ADVISOR,what foods help with fatty liver?,Direct simple query
DISEASE_ADVISOR,give me a low sodium meal plan.,Direct simple request
VITAL_ADVISOR,log my blood pressure.,Direct simple command
VITAL_ADVISOR,my heart rate is 70 bpm.,Direct simple statement
VITAL_ADVISOR,record my temperature.,Direct simple command
VITAL_ADVISOR,log my fasting blood sugar.,Direct simple command
VITAL_ADVISOR,my oxygen is at 98 percent.,Direct simple statement
VITAL_ADVISOR,save my vital signs.,Direct simple command
VITAL_ADVISOR,record my resting heart rate.,Direct simple command
VITAL_ADVISOR,my blood pressure is 120/80.,Direct simple statement
VITAL_ADVISOR,log my glucose levels.,Direct simple command
VITAL_ADVISOR,record my weight today.,Direct simple command
VITAL_ADVISOR,save my daily vitals.,Direct simple command
BLOOD_REPORT_ANALYZER,analyze my blood test.,Direct simple command
BLOOD_REPORT_ANALYZER,read my lipid panel.,Direct simple command
BLOOD_REPORT_ANALYZER,what does high wbc mean?,Direct simple query
BLOOD_REPORT_ANALYZER,analyze my cbc report.,Direct simple command
BLOOD_REPORT_ANALYZER,explain my thyroid results.,Direct simple command
BLOOD_REPORT_ANALYZER,read my uploaded lab report.,Direct simple command
BLOOD_REPORT_ANALYZER,analyze my a1c levels.,Direct simple command
BLOOD_REPORT_ANALYZER,what does this liver test mean?,Direct simple query
BLOOD_REPORT_ANALYZER,read my metabolic panel.,Direct simple command
BLOOD_REPORT_ANALYZER,analyze my iron levels.,Direct simple command
BLOOD_REPORT_ANALYZER,explain my vitamin d test.,Direct simple command
BLOOD_REPORT_QUERY,what was my previous cholesterol?,Direct simple query
BLOOD_REPORT_QUERY,show my old a1c levels.,Direct simple command
BLOOD_REPORT_QUERY,retrieve my past blood test.,Direct simple command
BLOOD_REPORT_QUERY,what was my iron last year?,Direct simple query
BLOOD_REPORT_QUERY,show my old thyroid numbers.,Direct simple command
BLOOD_REPORT_QUERY,get my previous cbc results.,Direct simple command
BLOOD_REPORT_QUERY,what was my vitamin d in 2023?,Direct simple query
BLOOD_REPORT_QUERY,show my past lipid panel.,Direct simple command
BLOOD_REPORT_QUERY,retrieve my old glucose levels.,Direct simple command
BLOOD_REPORT_QUERY,what was my wbc last time?,Direct simple query
BLOOD_REPORT_QUERY,show my previous lab results.,Direct simple command
PANEL_QUERY,graph my cholesterol over time.,Direct simple command
PANEL_QUERY,show a trend for my a1c.,Direct simple command
PANEL_QUERY,compare my past blood tests.,Direct simple command
PANEL_QUERY,graph my iron levels.,Direct simple command
PANEL_QUERY,show my thyroid trend.,Direct simple command
PANEL_QUERY,compare my lipid panels.,Direct simple command
PANEL_QUERY,graph my vitamin d history.,Direct simple command
PANEL_QUERY,show a trend for my liver enzymes.,Direct simple command
PANEL_QUERY,compare my glucose results.,Direct simple command
PANEL_QUERY,graph my metabolic panel data.,Direct simple command
PANEL_QUERY,show my wbc trend.,Direct simple command
FITNESS_PLAN_GENERATOR,create a workout plan.,Direct simple command
FITNESS_PLAN_GENERATOR,give me a yoga routine.,Direct simple command
FITNESS_PLAN_GENERATOR,plan a 5k running schedule.,Direct simple command
FITNESS_PLAN_GENERATOR,suggest a home workout.,Direct simple request
FITNESS_PLAN_GENERATOR,create a weightlifting plan.,Direct simple command
FITNESS_PLAN_GENERATOR,give me a cardio routine.,Direct simple command
FITNESS_PLAN_GENERATOR,plan a stretching session.,Direct simple command
FITNESS_PLAN_GENERATOR,suggest an ab workout.,Direct simple request
FITNESS_PLAN_GENERATOR,create a beginner fitness plan.,Direct simple command
FITNESS_PLAN_GENERATOR,give me a hiit routine.,Direct simple command
FITNESS_PLAN_GENERATOR,plan a full body workout.,Direct simple command
WORKOUT_PLAN_ADJUSTER,make my workout easier.,Direct simple command
WORKOUT_PLAN_ADJUSTER,swap squats for lunges.,Direct simple command
WORKOUT_PLAN_ADJUSTER,shorten my workout to 20 mins.,Direct simple command
WORKOUT_PLAN_ADJUSTER,remove the cardio section.,Direct simple command
WORKOUT_PLAN_ADJUSTER,make the routine harder.,Direct simple command
WORKOUT_PLAN_ADJUSTER,change my workout to upper body.,Direct simple command
WORKOUT_PLAN_ADJUSTER,add more ab exercises.,Direct simple command
WORKOUT_PLAN_ADJUSTER,substitute the bench press.,Direct simple command
WORKOUT_PLAN_ADJUSTER,reduce the rest times.,Direct simple command
WORKOUT_PLAN_ADJUSTER,change my workout to bodyweight only.,Direct simple command
WORKOUT_PLAN_ADJUSTER,increase the number of sets.,Direct simple command
SESSION_BOOKING,book a personal trainer.,Direct simple command
SESSION_BOOKING,schedule a yoga class.,Direct simple command
SESSION_BOOKING,cancel my gym session.,Direct simple command
SESSION_BOOKING,book a massage.,Direct simple command
SESSION_BOOKING,reserve a spin bike.,Direct simple command
SESSION_BOOKING,schedule a consultation.,Direct simple command
SESSION_BOOKING,cancel my fitness class.,Direct simple command
SESSION_BOOKING,book a squash court.,Direct simple command
SESSION_BOOKING,reschedule my training session.,Direct simple command
SESSION_BOOKING,reserve a spot in pilates.,Direct simple command
SESSION_BOOKING,book a sauna session.,Direct simple command
WATER_STEP_ADVISOR,log 10000 steps.,Direct simple command
WATER_STEP_ADVISOR,i drank 2 liters of water.,Direct simple statement
WATER_STEP_ADVISOR,how much water should i drink?,Direct simple query
WATER_STEP_ADVISOR,add 500ml of water.,Direct simple command
WATER_STEP_ADVISOR,record a 30 minute walk.,Direct simple command
WATER_STEP_ADVISOR,did i hit my step goal?,Direct simple query
WATER_STEP_ADVISOR,log 5000 steps.,Direct simple command
WATER_STEP_ADVISOR,i drank a glass of water.,Direct simple statement
WATER_STEP_ADVISOR,show my step count.,Direct simple command
WATER_STEP_ADVISOR,add 1 cup of water.,Direct simple command
WATER_STEP_ADVISOR,how many steps did i take?,Direct simple query
GOAL_UPDATER,change my target weight.,Direct simple command
GOAL_UPDATER,set a new step goal.,Direct simple command
GOAL_UPDATER,update my fitness objective.,Direct simple command
GOAL_UPDATER,change my goal to muscle gain.,Direct simple command
GOAL_UPDATER,set my daily calories.,Direct simple command
GOAL_UPDATER,update my water goal.,Direct simple command
GOAL_UPDATER,change my primary goal.,Direct simple command
GOAL_UPDATER,set my weekly running goal.,Direct simple command
GOAL_UPDATER,update my sleep target.,Direct simple command
GOAL_UPDATER,change my weight loss deadline.,Direct simple command
GOAL_UPDATER,set a new health goal.,Direct simple command
CALORIE_CALCULATOR,calculate my tdee.,Direct simple command
CALORIE_CALCULATOR,how many calories should i eat?,Direct simple query
CALORIE_CALCULATOR,calculate my bmr.,Direct simple command
CALORIE_CALCULATOR,how many calories does walking burn?,Direct simple query
CALORIE_CALCULATOR,calculate my calorie deficit.,Direct simple command
CALORIE_CALCULATOR,how many calories in a pound of fat?,Direct simple query
CALORIE_CALCULATOR,calculate my macros.,Direct simple command
CALORIE_CALCULATOR,how many calories to maintain weight?,Direct simple query
CALORIE_CALCULATOR,calculate my daily burn.,Direct simple command
CALORIE_CALCULATOR,how many calories does running burn?,Direct simple query
CALORIE_CALCULATOR,calculate my energy expenditure.,Direct simple command
MEAL_PLAN_ADJUSTER,remove the chicken from my plan.,Direct simple command
MEAL_PLAN_ADJUSTER,swap the snack for something else.,Direct simple command
MEAL_PLAN_ADJUSTER,reduce the calories in my dinner.,Direct simple command
MEAL_PLAN_ADJUSTER,make my lunch vegetarian.,Direct simple command
MEAL_PLAN_ADJUSTER,increase the portion size.,Direct simple command
MEAL_PLAN_ADJUSTER,change my breakfast.,Direct simple command
MEAL_PLAN_ADJUSTER,make the meal dairy free.,Direct simple command
MEAL_PLAN_ADJUSTER,swap the side dish.,Direct simple command
MEAL_PLAN_ADJUSTER,adjust the macros for my meal.,Direct simple command
MEAL_PLAN_ADJUSTER,change my dinner recipe.,Direct simple command
MEAL_PLAN_ADJUSTER,make the plan cheaper.,Direct simple command
CONSTRAINT_EXTRACTOR,i am vegan.,Direct simple statement
CONSTRAINT_EXTRACTOR,i am allergic to dairy.,Direct simple statement
CONSTRAINT_EXTRACTOR,i do intermittent fasting.,Direct simple statement
CONSTRAINT_EXTRACTOR,i follow a keto diet.,Direct simple statement
CONSTRAINT_EXTRACTOR,i dont eat pork.,Direct simple statement
CONSTRAINT_EXTRACTOR,i am gluten free.,Direct simple statement
CONSTRAINT_EXTRACTOR,i have a nut allergy.,Direct simple statement
CONSTRAINT_EXTRACTOR,i eat kosher food.,Direct simple statement
CONSTRAINT_EXTRACTOR,i am on a low sodium diet.,Direct simple statement
CONSTRAINT_EXTRACTOR,i dont eat seafood.,Direct simple statement
CONSTRAINT_EXTRACTOR,i only eat organic.,Direct simple statement
GROCERY_LIST,generate a shopping list.,Direct simple command
GROCERY_LIST,what do i need to buy?,Direct simple query
GROCERY_LIST,create a grocery list for the week.,Direct simple command
GROCERY_LIST,list the items to buy for dinner.,Direct simple command
GROCERY_LIST,make a shopping list for the meal plan.,Direct simple command
GROCERY_LIST,what groceries do i need?,Direct simple query
GROCERY_LIST,compile a shopping list.,Direct simple command
GROCERY_LIST,give me a list for the supermarket.,Direct simple command
GROCERY_LIST,create a keto grocery list.,Direct simple command
GROCERY_LIST,what produce should i buy?,Direct simple query
GROCERY_LIST,make a shopping list for the recipes.,Direct simple command
GROCERY_LIST,print my grocery list.,Direct simple command
FITNESS_PROFILE_UPDATER,update my fitness level.,Direct simple command
FITNESS_PROFILE_UPDATER,change my workout days.,Direct simple command
FITNESS_PROFILE_UPDATER,set my equipment to dumbbells.,Direct simple command
FITNESS_PROFILE_UPDATER,update my injury status.,Direct simple command
FITNESS_PROFILE_UPDATER,change my primary fitness goal.,Direct simple command
FITNESS_PROFILE_UPDATER,set my workout duration to 45 mins.,Direct simple command
FITNESS_PROFILE_UPDATER,update my activity level.,Direct simple command
FITNESS_PROFILE_UPDATER,change my preferred workout location.,Direct simple command
FITNESS_PROFILE_UPDATER,set my fitness experience to intermediate.,Direct simple command
FITNESS_PROFILE_UPDATER,update my physical constraints.,Direct simple command
FITNESS_PROFILE_UPDATER,change my cardio preference.,Direct simple command
FITNESS_PROFILE_UPDATER,set my available gym equipment.,Direct simple command
FOOD_RETRIEVER,get the nutritional data for an apple.,Direct simple command
FOOD_RETRIEVER,look up chicken breast in the database.,Direct simple command
FOOD_RETRIEVER,search for a banana.,Direct simple command
FOOD_RETRIEVER,find the data for white rice.,Direct simple command
FOOD_RETRIEVER,look up the stats for almonds.,Direct simple command
FOOD_RETRIEVER,search the food database for milk.,Direct simple command
FOOD_RETRIEVER,retrieve the info for sweet potatoes.,Direct simple command
FOOD_RETRIEVER,find the database entry for eggs.,Direct simple command
FOOD_RETRIEVER,look up olive oil stats.,Direct simple command
FOOD_RETRIEVER,search for black beans.,Direct simple command
FOOD_RETRIEVER,get the data for a generic burger.,Direct simple command
FOOD_RETRIEVER,find the nutrition facts for oats.,Direct simple command
DATABASE_PERSISTENCE,save this meal plan in a bottle and throw it into the digital sea,Poetic troll
DATABASE_PERSISTENCE,persist this data until the heat death of the universe,Existential troll
MEAL_PLAN_GENERATOR,create a meal plan for me.,Direct simple command
MEAL_PLAN_GENERATOR,generate a meal plan for me.,Direct simple command
MEAL_PLAN_GENERATOR,suggest a meaal plan for me,Direct typo
MEAL_PLAN_GENERATOR,what i should i eat in my meal plan,Direct query
MEAL_PLAN_GENERATOR,for mea l plan generation.,Fragment typo
MEAL_PLAN_GENERATOR,plan my meals,Direct simple command
MEAL_PLAN_GENERATOR,wat to eat today,Direct typo
MEAL_PLAN_GENERATOR,make daily diet plan,Direct simple command
MEAL_PLAN_GENERATOR,food plan for today,Fragment simple
MEAL_PLAN_GENERATOR,give me a meal to cook,Direct simple command
WEEKLY_MEAL_PLAN_GENERATOR,make weekly plan,Direct simple command
WEEKLY_MEAL_PLAN_GENERATOR,generate week meal plan for me,Direct simple command
WEEKLY_MEAL_PLAN_GENERATOR,7 days diet plan,Fragment simple
WEEKLY_MEAL_PLAN_GENERATOR,what to eat this week,Direct query
WEEKLY_MEAL_PLAN_GENERATOR,plan my meals for week,Direct simple command
WEEKLY_MEAL_PLAN_GENERATOR,weeky meal plan pls,Direct typo
WEEKLY_MEAL_PLAN_GENERATOR,for weekly food planning,Fragment simple
WEEKLY_MEAL_PLAN_GENERATOR,give me week diet,Direct simple command
WEEKLY_MEAL_PLAN_GENERATOR,create 7 day menu,Direct simple command
WEEKLY_MEAL_PLAN_GENERATOR,week plan generation,Fragment simple
SPECIAL_MEAL_PLAN_GENERATOR,what to cook for party,Direct query
SPECIAL_MEAL_PLAN_GENERATOR,birthday dinner plan,Fragment simple
SPECIAL_MEAL_PLAN_GENERATOR,make holiday meal,Direct simple command
SPECIAL_MEAL_PLAN_GENERATOR,annivarsary food plan,Fragment typo
SPECIAL_MEAL_PLAN_GENERATOR,suggest party food,Direct simple command
SPECIAL_MEAL_PLAN_GENERATOR,thanksgiving menu for me,Fragment simple
SPECIAL_MEAL_PLAN_GENERATOR,special occasion meal,Fragment simple
SPECIAL_MEAL_PLAN_GENERATOR,what for christmas dinner,Direct query
SPECIAL_MEAL_PLAN_GENERATOR,plan date night food,Direct simple command
SPECIAL_MEAL_PLAN_GENERATOR,recipe for special event,Fragment simple
NUTRITION_ANALYZER,analyze my food,Direct simple command
NUTRITION_ANALYZER,calories in this,Fragment simple
NUTRITION_ANALYZER,how much fat in egg,Direct query
NUTRITION_ANALYZER,is this healthy,Direct query
NUTRITION_ANALYZER,what is macro for apple,Direct query
NUTRITION_ANALYZER,nutrtion for my lunch,Fragment typo
NUTRITION_ANALYZER,check these calories,Direct simple command
NUTRITION_ANALYZER,how much protien in chicken,Direct typo
NUTRITION_ANALYZER,analyze recipe nutrients,Direct simple command
NUTRITION_ANALYZER,sugar in banana,Fragment simple
FOOD_MATCHER,substitute for milk,Fragment simple
FOOD_MATCHER,what replaces egg,Direct query
FOOD_MATCHER,alternative to butter,Fragment simple
FOOD_MATCHER,healthy swap for chips,Fragment simple
FOOD_MATCHER,find a match for cheese,Direct simple command
FOOD_MATCHER,vegan option for honey,Fragment simple
FOOD_MATCHER,what can i use instead of flour,Direct query
FOOD_MATCHER,repalce sugar with what,Direct typo
FOOD_MATCHER,gluten free swap for pasta,Fragment simple
FOOD_MATCHER,match my food preference,Direct simple command
MEAL_INGREDIENTS,what is recipe for,Direct query fragment
MEAL_INGREDIENTS,for recipe.,Fragment simple
MEAL_INGREDIENTS,ingridient for tyodays meal plan.,Fragment typo
MEAL_INGREDIENTS,what goes in this meal,Direct query
MEAL_INGREDIENTS,list items for lunch,Direct simple command
MEAL_INGREDIENTS,what do i need to cook this,Direct query
MEAL_INGREDIENTS,show ingredients for dinner,Direct simple command
MEAL_INGREDIENTS,recipe items pls,Fragment simple
MEAL_INGREDIENTS,ingreadient for food,Fragment typo
MEAL_INGREDIENTS,what is in my meal,Direct query
MEAL_CHECK_IN,i ate an apple,Direct statement
MEAL_CHECK_IN,log my lunch,Direct simple command
MEAL_CHECK_IN,record breakfast,Direct simple command
MEAL_CHECK_IN,just had dinner,Fragment statement
MEAL_CHECK_IN,i drank coffee,Direct statement
MEAL_CHECK_IN,save my meal log,Direct simple command
MEAL_CHECK_IN,log 500 cals,Direct simple command
MEAL_CHECK_IN,ate the plan food,Fragment statement
MEAL_CHECK_IN,check in my meal,Direct simple command
MEAL_CHECK_IN,food eaten,Fragment simple
MEAL_RETRIEVER,what is there in my breakfast.,Direct query
MEAL_RETRIEVER,what is my lunch,Direct query
MEAL_RETRIEVER,show yesterday food,Direct simple command
MEAL_RETRIEVER,what did i eat yesterday,Direct query
MEAL_RETRIEVER,retrieve my saved meal,Direct simple command
MEAL_RETRIEVER,what is for dinner tonight,Direct query
MEAL_RETRIEVER,past meal log,Fragment simple
MEAL_RETRIEVER,show old diet plan,Direct simple command
MEAL_RETRIEVER,wat was my breakfast,Direct typo
MEAL_RETRIEVER,pull my food history,Direct simple command
CRAVING_ASSISTANT,craving sugar,Fragment statement
CRAVING_ASSISTANT,want to eat junk food,Direct statement
CRAVING_ASSISTANT,stop my craving,Direct simple command
CRAVING_ASSISTANT,hungry for pizza,Fragment statement
CRAVING_ASSISTANT,need sweet food help,Fragment simple
CRAVING_ASSISTANT,how to not eat chips,Direct query
CRAVING_ASSISTANT,cravng chocolate rn,Fragment typo
CRAVING_ASSISTANT,help with food craving,Fragment simple
CRAVING_ASSISTANT,want fast food,Fragment statement
CRAVING_ASSISTANT,substitute for my craving,Fragment simple
PROFILE_RETRIEVER,show my profile,Direct simple command
PROFILE_RETRIEVER,what is my weight,Direct query
PROFILE_RETRIEVER,my details,Fragment simple
PROFILE_RETRIEVER,show my goals,Direct simple command
PROFILE_RETRIEVER,do i have alergies,Direct typo
PROFILE_RETRIEVER,get my fitness profile,Direct simple command
PROFILE_RETRIEVER,what diet am i on,Direct query
PROFILE_RETRIEVER,view profile,Fragment simple
PROFILE_RETRIEVER,what is my age,Direct query
PROFILE_RETRIEVER,show settings,Direct simple command
PROFILE_UPDATER,update my weight,Direct simple command
PROFILE_UPDATER,change age to 30,Direct simple command
PROFILE_UPDATER,set height,Fragment simple
PROFILE_UPDATER,i am 70kg now,Direct statement
PROFILE_UPDATER,add peanut allergy,Direct simple command
PROFILE_UPDATER,updat my profile,Direct typo
PROFILE_UPDATER,change my diet to vegan,Direct simple command
PROFILE_UPDATER,new goal weight,Fragment simple
PROFILE_UPDATER,remove allergy from profile,Direct simple command
PROFILE_UPDATER,update user details,Direct simple command
DISEASE_ADVISOR,diet for diabetes,Fragment simple
DISEASE_ADVISOR,what to eat for gout,Direct query
DISEASE_ADVISOR,high bp plan,Fragment simple
DISEASE_ADVISOR,ibs food to avoid,Fragment simple
DISEASE_ADVISOR,celiac safe food,Fragment simple
DISEASE_ADVISOR,lower cholesterol diet,Fragment simple
DISEASE_ADVISOR,what for acid reflux,Direct query
DISEASE_ADVISOR,arthritis meal plan,Fragment simple
DISEASE_ADVISOR,kidney disease diet,Fragment simple
DISEASE_ADVISOR,fatty liver foods,Fragment simple
VITAL_ADVISOR,log my bp,Direct simple command
VITAL_ADVISOR,heart rate 80,Fragment statement
VITAL_ADVISOR,my temp is 98,Direct statement
VITAL_ADVISOR,record blood sugar,Direct simple command
VITAL_ADVISOR,oxygen is 99,Direct statement
VITAL_ADVISOR,save vitals,Direct simple command
VITAL_ADVISOR,bp is 120 over 80,Direct statement
VITAL_ADVISOR,log pulse,Direct simple command
VITAL_ADVISOR,record weight today,Direct simple command
VITAL_ADVISOR,sugar level 100,Fragment statement
BLOOD_REPORT_ANALYZER,analyze my blood test,Direct simple command
BLOOD_REPORT_ANALYZER,read this report,Direct simple command
BLOOD_REPORT_ANALYZER,check my lipid panel,Direct simple command
BLOOD_REPORT_ANALYZER,what does high wbc mean,Direct query
BLOOD_REPORT_ANALYZER,explain my cbc,Direct simple command
BLOOD_REPORT_ANALYZER,analyze liver test,Direct simple command
BLOOD_REPORT_ANALYZER,is my iron low,Direct query
BLOOD_REPORT_ANALYZER,read a1c result,Direct simple command
BLOOD_REPORT_ANALYZER,check my vitamin d,Direct simple command
BLOOD_REPORT_ANALYZER,anlyze blood work,Direct typo
BLOOD_REPORT_QUERY,old blood test,Fragment simple
BLOOD_REPORT_QUERY,last a1c result,Fragment simple
BLOOD_REPORT_QUERY,past iron levels,Fragment simple
BLOOD_REPORT_QUERY,what was my cholesterol before,Direct query
BLOOD_REPORT_QUERY,show old thyroid numbers,Direct simple command
BLOOD_REPORT_QUERY,previous cbc report,Fragment simple
BLOOD_REPORT_QUERY,what was my wbc last year,Direct query
BLOOD_REPORT_QUERY,pull past lipid panel,Direct simple command
BLOOD_REPORT_QUERY,did my vitamin d go up,Direct query
BLOOD_REPORT_QUERY,get old glucose test,Direct simple command
PANEL_QUERY,graph my lipid,Direct simple command
PANEL_QUERY,trend for wbc,Fragment simple
PANEL_QUERY,show a1c graph,Direct simple command
PANEL_QUERY,compare my blood tests,Direct simple command
PANEL_QUERY,plot my iron over time,Direct simple command
PANEL_QUERY,thyroid panel trend,Fragment simple
PANEL_QUERY,graph cholesterol,Direct simple command
PANEL_QUERY,liver enzyme history graph,Fragment simple
PANEL_QUERY,show trend for glucose,Direct simple command
PANEL_QUERY,compare old and new cbc,Direct simple command
FITNESS_PLAN_GENERATOR,make a workout,Direct simple command
FITNESS_PLAN_GENERATOR,gym plan for me,Fragment simple
FITNESS_PLAN_GENERATOR,leg day routine,Fragment simple
FITNESS_PLAN_GENERATOR,generate fitness plan,Direct simple command
FITNESS_PLAN_GENERATOR,give me yoga,Direct simple command
FITNESS_PLAN_GENERATOR,need home workout,Fragment simple
FITNESS_PLAN_GENERATOR,plan my exercise,Direct simple command
FITNESS_PLAN_GENERATOR,ab workout routine,Fragment simple
FITNESS_PLAN_GENERATOR,5k running plan,Fragment simple
FITNESS_PLAN_GENERATOR,workout generation,Fragment simple
WORKOUT_PLAN_ADJUSTER,change my workout,Direct simple command
WORKOUT_PLAN_ADJUSTER,make it easy,Direct simple command
WORKOUT_PLAN_ADJUSTER,swap exercise,Direct simple command
WORKOUT_PLAN_ADJUSTER,no squats today,Fragment simple
WORKOUT_PLAN_ADJUSTER,shorten my routine,Direct simple command
WORKOUT_PLAN_ADJUSTER,adjust gym plan,Direct simple command
WORKOUT_PLAN_ADJUSTER,add more cardio,Direct simple command
WORKOUT_PLAN_ADJUSTER,remove burpees,Direct simple command
WORKOUT_PLAN_ADJUSTER,change to upper body,Direct simple command
WORKOUT_PLAN_ADJUSTER,mak workut harder,Direct typo
SESSION_BOOKING,book gym,Direct simple command
SESSION_BOOKING,cancel yoga,Direct simple command
SESSION_BOOKING,schedule pt,Direct simple command
SESSION_BOOKING,book massage,Direct simple command
SESSION_BOOKING,reserve spin class,Direct simple command
SESSION_BOOKING,cancel my booking,Direct simple command
SESSION_BOOKING,reschedule trainer,Direct simple command
SESSION_BOOKING,book squash court,Direct simple command
SESSION_BOOKING,sign up for class,Direct simple command
SESSION_BOOKING,bok a sesion,Direct typo
WATER_STEP_ADVISOR,log my steps,Direct simple command
WATER_STEP_ADVISOR,drank water,Fragment statement
WATER_STEP_ADVISOR,10k steps done,Fragment statement
WATER_STEP_ADVISOR,add 1 glass of water,Direct simple command
WATER_STEP_ADVISOR,how many steps today,Direct query
WATER_STEP_ADVISOR,log 500ml water,Direct simple command
WATER_STEP_ADVISOR,record my walk,Direct simple command
WATER_STEP_ADVISOR,step count check,Fragment simple
WATER_STEP_ADVISOR,did i hit water goal,Direct query
WATER_STEP_ADVISOR,log steps and water,Direct simple command
GOAL_UPDATER,change goal,Direct simple command
GOAL_UPDATER,new weight target,Fragment simple
GOAL_UPDATER,update my goals,Direct simple command
GOAL_UPDATER,set goal to muscle gain,Direct simple command
GOAL_UPDATER,update step target,Direct simple command
GOAL_UPDATER,change water goal,Direct simple command
GOAL_UPDATER,i want to maintain weight now,Direct statement
GOAL_UPDATER,set new calorie goal,Direct simple command
GOAL_UPDATER,chang my target,Direct typo
GOAL_UPDATER,update fitness objective,Direct simple command
CALORIE_CALCULATOR,calculate tdee,Direct simple command
CALORIE_CALCULATOR,how many calories for me,Direct query
CALORIE_CALCULATOR,bmr calc,Fragment simple
CALORIE_CALCULATOR,calories to lose weight,Fragment simple
CALORIE_CALCULATOR,how much do i burn walking,Direct query
CALORIE_CALCULATOR,calculate my macros,Direct simple command
CALORIE_CALCULATOR,calorie deficit math,Fragment simple
CALORIE_CALCULATOR,maintenance calories,Fragment simple
CALORIE_CALCULATOR,calculte my bmr,Direct typo
CALORIE_CALCULATOR,how many cals in fat,Direct query
MEAL_PLAN_ADJUSTER,update my meal plan,Direct simple command
MEAL_PLAN_ADJUSTER,change dinner,Direct simple command
MEAL_PLAN_ADJUSTER,no chicken in plan,Fragment simple
MEAL_PLAN_ADJUSTER,swap my lunch,Direct simple command
MEAL_PLAN_ADJUSTER,make it vegetarian,Direct simple command
MEAL_PLAN_ADJUSTER,less calories today,Fragment simple
MEAL_PLAN_ADJUSTER,adjust my food,Direct simple command
MEAL_PLAN_ADJUSTER,remove dairy from plan,Direct simple command
MEAL_PLAN_ADJUSTER,change my snack,Direct simple command
MEAL_PLAN_ADJUSTER,mak my meal cheaper,Direct typo
CONSTRAINT_EXTRACTOR,i am vegan,Direct statement
CONSTRAINT_EXTRACTOR,no dairy,Fragment statement
CONSTRAINT_EXTRACTOR,gluten free now,Fragment statement
CONSTRAINT_EXTRACTOR,im allergic to nuts,Direct statement
CONSTRAINT_EXTRACTOR,doing keto diet,Fragment statement
CONSTRAINT_EXTRACTOR,i do intermittent fasting,Direct statement
CONSTRAINT_EXTRACTOR,no pork,Fragment statement
CONSTRAINT_EXTRACTOR,im lactose intolerant,Direct statement
CONSTRAINT_EXTRACTOR,low sodium diet,Fragment statement
CONSTRAINT_EXTRACTOR,add allergy to profile,Direct simple command
GROCERY_LIST,shopping list,Fragment simple
GROCERY_LIST,buy list,Fragment simple
GROCERY_LIST,ingreadient for weekly meal pl,Fragment typo
GROCERY_LIST,what to buy at store,Direct query
GROCERY_LIST,make grocery list,Direct simple command
GROCERY_LIST,list for supermarket,Fragment simple
GROCERY_LIST,generate shopping items,Direct simple command
GROCERY_LIST,keto grocery list,Fragment simple
GROCERY_LIST,what do i need to buy,Direct query
GROCERY_LIST,print my list,Direct simple command
FITNESS_PROFILE_UPDATER,update fitness level,Direct simple command
FITNESS_PROFILE_UPDATER,i am beginner,Direct statement
FITNESS_PROFILE_UPDATER,gym days,Fragment simple
FITNESS_PROFILE_UPDATER,change workout location,Direct simple command
FITNESS_PROFILE_UPDATER,i have bad knees,Direct statement
FITNESS_PROFILE_UPDATER,set equipment to dumbbells,Direct simple command
FITNESS_PROFILE_UPDATER,update my gym experience,Direct simple command
FITNESS_PROFILE_UPDATER,change cardio preference,Direct simple command
FITNESS_PROFILE_UPDATER,only available on weekends,Fragment statement
FITNESS_PROFILE_UPDATER,updat fitness constraint,Direct typo
FOOD_RETRIEVER,search food,Direct simple command
FOOD_RETRIEVER,apple nutrition,Fragment simple
FOOD_RETRIEVER,find chicken,Direct simple command
FOOD_RETRIEVER,look up banana,Direct simple command
FOOD_RETRIEVER,database search for rice,Fragment simple
FOOD_RETRIEVER,get macros for egg,Direct simple command
FOOD_RETRIEVER,food stats for milk,Fragment simple
FOOD_RETRIEVER,fetch data for oats,Direct simple command
FOOD_RETRIEVER,what is in a burger,Direct query
FOOD_RETRIEVER,nutritional info for almonds,Fragment simple
HISTORY_RETRIEVER,past weight,Fragment simple
HISTORY_RETRIEVER,old logs,Fragment simple
HISTORY_RETRIEVER,show 2023,Fragment simple
HISTORY_RETRIEVER,my history,Fragment simple
HISTORY_RETRIEVER,when did i weigh 80kg,Direct query
HISTORY_RETRIEVER,show january activity,Direct simple command
HISTORY_RETRIEVER,what did i log yesterday,Direct query
HISTORY_RETRIEVER,pull past data,Direct simple command
HISTORY_RETRIEVER,my lowest weight,Fragment simple
HISTORY_RETRIEVER,histry of my workouts,Direct typo
DATABASE_PERSISTENCE,save it,Direct simple command
DATABASE_PERSISTENCE,store data,Direct simple command
DATABASE_PERSISTENCE,keep this,Direct simple command
DATABASE_PERSISTENCE,save to profile,Direct simple command
DATABASE_PERSISTENCE,remember this meal,Direct simple command
DATABASE_PERSISTENCE,lock my goals,Direct simple command
DATABASE_PERSISTENCE,bookmark this,Direct simple command
DATABASE_PERSISTENCE,save settings,Direct simple command
DATABASE_PERSISTENCE,backup my info,Direct simple command
DATABASE_PERSISTENCE,sav to database,Direct typo
SUMMARIZER,tldr,Fragment simple
SUMMARIZER,summarize,Direct simple command
SUMMARIZER,short version,Fragment simple
SUMMARIZER,make it short,Direct simple command
SUMMARIZER,key points,Fragment simple
SUMMARIZER,condense this,Direct simple command
SUMMARIZER,give me summary,Direct simple command
SUMMARIZER,boil it down,Direct simple command
SUMMARIZER,tldr this article,Direct simple command
SUMMARIZER,sumarize chat,Direct typo
QUERY_CLASSIFIER,what tool,Fragment query
QUERY_CLASSIFIER,routing,Fragment simple
QUERY_CLASSIFIER,how this works,Fragment query
QUERY_CLASSIFIER,why this agent,Fragment query
QUERY_CLASSIFIER,explain classification,Direct simple command
QUERY_CLASSIFIER,which bot is this,Direct query
QUERY_CLASSIFIER,how do you decide tool,Direct query
QUERY_CLASSIFIER,routing algorithm,Fragment simple
QUERY_CLASSIFIER,what intent is this,Direct query
QUERY_CLASSIFIER,why general query,Fragment queryMEAL_PLAN_GENERATOR
MEAL_RETRIEVER,yes,AUTO_LEARNED
PROFILE_UPDATER,my weight is 98 kg,AUTO_LEARNED
PROFILE_UPDATER,my height is 185 cm,AUTO_LEARNED
PROFILE_UPDATER,my weight is 205 lbs,AUTO_LEARNED
PROFILE_UPDATER,my height is 6 ft 5in,AUTO_LEARNED
PROFILE_UPDATER,my dietary preference is vegan,AUTO_LEARNED
PROFILE_RETRIEVER,sow my profile,AUTO_LEARNED
PROFILE_UPDATER,my dietary preference is non vegetarian,AUTO_LEARNED
GREETING,good morning buddy,AUTO_LEARNED
GREETING,good after noon buddy,AUTO_LEARNED
FOOD_RETRIEVER,"🥑 📊 ?,emoji based",AUTO_LEARNED
MEAL_INGREDIENTS,what is recipe of paneer butter masala,AUTO_LEARNED
HISTORY_RETRIEVER,what is my breakfast for today,AUTO_LEARNED
MEAL_PLAN_ADJUSTER,replace cooked spinach with something else,AUTO_LEARNED
GREETING,okey thanks,AUTO_LEARNED
NUTRITION_ANALYZER,what is nutrition value of banana 6,AUTO_LEARNED
PROFILE_UPDATER,i am vegeterian,AUTO_LEARNED
PROFILE_UPDATER,i am nort indian cusine,AUTO_LEARNED
PROFILE_UPDATER,i am vegetarian,AUTO_LEARNED
PROFILE_UPDATER,i am north indian cuisine,AUTO_LEARNED
PROFILE_UPDATER,update my profile. i am vegetarian.,AUTO_LEARNED
GOAL_UPDATER,update my profile. my fitness goal is weight loss.,AUTO_LEARNED
GOAL_UPDATER,update my profile. my fitness goal is muscle gain.,AUTO_LEARNED
GOAL_UPDATER,update my profile. my fitness goal is improve cardiovascular fitness.,AUTO_LEARNED
GOAL_UPDATER,update my profile. my fitness goal is improve flexibility & mobility.,AUTO_LEARNED
GOAL_UPDATER,update my profile. my fitness goal is rehabilitation & injury prevention.,AUTO_LEARNED
GOAL_UPDATER,update my profile. my fitness goal is improve posture and balance.,AUTO_LEARNED
PROFILE_UPDATER,update my profile. my medical condition nutrition is none.,AUTO_LEARNED
PROFILE_UPDATER,update my profile. my medical condition nutrition is pcos.,AUTO_LEARNED
PROFILE_UPDATER,update my profile. my medical condition nutrition is hypertension.,AUTO_LEARNED
PROFILE_UPDATER,my waist is 45,AUTO_LEARNED
